Bucket Owner,Bucket,Time,Time - Offset,Remote IP,Requester ARN/Canonical ID,Request ID,Operation,Key,Request-URI,HTTP status,Error Code,Bytes Sent,Object Size,Total Time,Turn-Around Time,Referrer,User-Agent,Version Id,Host Id,Signature Version,Cipher Suite,Authentication Type,Host Header,TLS version
2f0544e0e64958de8c656135fcdbad1af1b43808c0d0b974fc77f171694c558e,ez-living,[01/Jun/2020:20:43:49,+0000],173.252.83.118,-,254D6842BECF6793,REST.GET.OBJECT,Kendal/EZLivingInteriors_-_KendalArmchairGrey.usdz,GET /ez-living/Kendal/EZLivingInteriors_-_KendalArmchairGrey.usdz HTTP/1.1,200,-,7786485,7786485,425,73,-,facebookexternalhit/1.1 (+http://www.facebook.com/externalhit_uatext.php),-,tdwn+G5Z9tPXl+BaxFUFEChxKq8ljNsT3bM08Vv30v7fD/YXZS4IO5n8kDZ1zJ+NbY/DVWOZGKE=,-,ECDHE-RSA-AES128-GCM-SHA256,-,s3-eu-west-1.amazonaws.com,TLSv1.2
2f0544e0e64958de8c656135fcdbad1af1b43808c0d0b974fc77f171694c558e,ez-living,[01/Jun/2020:16:05:47,+0000],39.103.142.195,-,55724083D164E10A,REST.HEAD.OBJECT,webadmin/login.php,HEAD /webadmin/login.php HTTP/1.1,403,AccessDenied,243,-,58,-,-,-,-,zmuYv7CRlJO59lIXqAeeQS1LW2cDhUg6bkCgCVA4kMiiF+IVlg4zH7/DjuD/vi+U6KUTM84vZHg=,-,-,-,ez-living.s3-eu-west-1.amazonaws.com,-
2f0544e0e64958de8c656135fcdbad1af1b43808c0d0b974fc77f171694c558e,ez-living,[01/Jun/2020:10:29:33,+0000],54.164.181.5,arn:aws:sts::878630915641:assumed-role/S3statLogReaders/S3statLogDownload,74588EA41C0FAC61,REST.GET.BUCKET,-,GET /?max-keys=1 HTTP/1.1,200,-,429,-,27,27,-,aws-sdk-dotnet-35/2.3.23.0 .NET Runtime/4.0 .NET Framework/4.0 OS/6.2.9200.0 ClientSync,-,eD7W8vIwNTfy7tAr10mDV5J13PcEwgFs1JNxdkm50Ydciq/YnuDennvSDMsPJN56dbVOWqxFOmc=,SigV4,ECDHE-RSA-AES128-SHA,AuthHeader,ez-living.s3-eu-west-1.amazonaws.com,TLSv1
2f0544e0e64958de8c656135fcdbad1af1b43808c0d0b974fc77f171694c558e,ez-living,[01/Jun/2020:10:50:30,+0000],54.175.118.73,-,ED2D7D25BB46EC40,REST.GET.LOCATION,-,GET /?location HTTP/1.1,400,AuthorizationHeaderMalformed,365,-,2,-,-,aws-sdk-dotnet-35/2.3.23.0 .NET Runtime/4.0 .NET Framework/4.0 OS/6.2.9200.0 ClientSync,-,2wagzKA2nNpdVDzRhnvDlxL94G+m1vG0ExpxbCR1X78/JqnhNtvIOiUP4r8mh356Q1IA3G6sLA0=,SigV4,ECDHE-RSA-AES128-SHA,AuthHeader,ez-living.s3.amazonaws.com,TLSv1
2f0544e0e64958de8c656135fcdbad1af1b43808c0d0b974fc77f171694c558e,ez-living,[01/Jun/2020:21:33:25,+0000],151.226.17.153,-,C6FB7E32B0BA818D,REST.GET.OBJECT,Brinley/EZLivingInteriors-Brinley_15L_25RCharcoal.usdz,GET /ez-living/Brinley/EZLivingInteriors-Brinley_15L_25RCharcoal.usdz HTTP/1.1,200,-,3268693,3268693,99,84,https://www.ezlivinginteriors.co.uk/,"Mozilla/5.0 (iPhone; CPU iPhone OS 13_4_1 like Mac OS X) AppleWebKit/605.1.15 (KHTML, like Gecko) Version/13.1 Mobile/15E148 Safari/604.1",-,puNPAZATiOPhreidS3GyVo4L5Oi2jJzCR3zUbA/gK6Cfa2MGp0cGhnQ1TzrzRo46FXdAkaZA8+M=,-,ECDHE-RSA-AES128-GCM-SHA256,-,s3-eu-west-1.amazonaws.com,TLSv1.2
2f0544e0e64958de8c656135fcdbad1af1b43808c0d0b974fc77f171694c558e,ez-living,[01/Jun/2020:20:43:45,+0000],173.252.83.17,-,635C35D8F276FACD,REST.GET.OBJECT,Waldorf/EZLivingInteriors-Waldorf3Seater.usdz,GET /ez-living/Waldorf/EZLivingInteriors-Waldorf3Seater.usdz HTTP/1.1,206,-,524288,7342582,94,90,-,facebookexternalhit/1.1 (+http://www.facebook.com/externalhit_uatext.php),-,9usF3MfkBOYiiflZcEYaD+oQh1/ofVcxkouZ8WiYu49l3LvJcwVMj3ckx8ZLeZ/ntmaIuJzi2xw=,-,ECDHE-RSA-AES128-GCM-SHA256,-,s3-eu-west-1.amazonaws.com,TLSv1.2
2f0544e0e64958de8c656135fcdbad1af1b43808c0d0b974fc77f171694c558e,ez-living,[01/Jun/2020:10:50:32,+0000],54.175.118.73,-,E6EEB0A372365B11,REST.GET.BUCKET,-,GET /?max-keys=1 HTTP/1.1,301,PermanentRedirect,455,-,3,-,-,aws-sdk-dotnet-35/2.3.23.0 .NET Runtime/4.0 .NET Framework/4.0 OS/6.2.9200.0 ClientSync,-,FnVoV3x/HKVM3ymeQ7nyEHw8fIGxUDLee4Vd4eUJZKtJuyV6vaDPEKmxb8RSzZvunJArIg9sH2I=,-,ECDHE-RSA-AES128-SHA,-,ez-living.s3-us-west-2.amazonaws.com,TLSv1
2f0544e0e64958de8c656135fcdbad1af1b43808c0d0b974fc77f171694c558e,ez-living,[01/Jun/2020:21:03:16,+0000],151.226.17.153,-,F4FA985EE0B2F439,REST.GET.OBJECT,Brinley/EZLivingInteriorsBrinley_25L_15RCharcoal.usdz,GET /ez-living/Brinley/EZLivingInteriorsBrinley_25L_15RCharcoal.usdz HTTP/1.1,200,-,3264733,3264733,339,144,https://www.ezlivinginteriors.co.uk/,"Mozilla/5.0 (iPhone; CPU iPhone OS 13_4_1 like Mac OS X) AppleWebKit/605.1.15 (KHTML, like Gecko) Version/13.1 Mobile/15E148 Safari/604.1",-,Pm0xEoIli914PpEK/4HGyPqqGIXdRCKFNh+JuxuKRMkOOkZ/qCZHyfqSokcUb6BpsdD2UUwqBys=,-,ECDHE-RSA-AES128-GCM-SHA256,-,s3-eu-west-1.amazonaws.com,TLSv1.2
2f0544e0e64958de8c656135fcdbad1af1b43808c0d0b974fc77f171694c558e,ez-living,[01/Jun/2020:21:59:31,+0000],46.7.144.159,-,5CA2AF69339F068D,REST.GET.OBJECT,Charm/EZLivingInteriors-Charm2Seater.usdz,GET /ez-living/Charm/EZLivingInteriors-Charm2Seater.usdz HTTP/1.1,200,-,17285148,17285148,410,85,https://www.ezliving-interiors.ie/,"Mozilla/5.0 (iPhone; CPU iPhone OS 13_3_1 like Mac OS X) AppleWebKit/605.1.15 (KHTML, like Gecko) Version/13.0.5 Mobile/15E148 Safari/604.1",-,kc2eHWAwa73/2irLdYaYZJc4549nLLOPZHHifYribkLQhX1wotx/3pPZlOtdS35mAxd5uGRP5Is=,-,ECDHE-RSA-AES128-GCM-SHA256,-,s3-eu-west-1.amazonaws.com,TLSv1.2
2f0544e0e64958de8c656135fcdbad1af1b43808c0d0b974fc77f171694c558e,ez-living,[01/Jun/2020:12:17:06,+0000],213.233.147.149,-,0BE3CFB682D1801D,REST.GET.OBJECT,Harris/HarrisTurquoise.usdz,GET /ez-living/Harris/HarrisTurquoise.usdz HTTP/1.1,200,-,1881089,1881089,87,83,https://www.ezliving-interiors.ie/,"Mozilla/5.0 (iPhone; CPU iPhone OS 13_4_1 like Mac OS X) AppleWebKit/605.1.15 (KHTML, like Gecko) Version/13.1 Mobile/15E148 Safari/604.1",-,nXOsGExZV+lrDLao20evQx2MFhtt0PqK6m9ozdjC9zOUggKyyjadqXUqjYkAZOoxfF4oMxiQZzo=,-,ECDHE-RSA-AES128-GCM-SHA256,-,s3.eu-west-1.amazonaws.com,TLSv1.2
2f0544e0e64958de8c656135fcdbad1af1b43808c0d0b974fc77f171694c558e,ez-living,[01/Jun/2020:19:08:09,+0000],114.119.161.59,-,8CE27052F0F7237F,REST.GET.OBJECT,robots.txt,GET /robots.txt HTTP/1.1,403,AccessDenied,243,-,10,-,-,"Mozilla/5.0 (Linux; Android 7.0;) AppleWebKit/537.36 (KHTML, like Gecko) Mobile Safari/537.36 (compatible; PetalBot;+https://aspiegel.com/petalbot)",-,kKsxX7bHZiqOMiSRF9XTnA32JOKzu5X66ZL4UV9BZvisKrBZHhbOTBfSwqLP44TUEsXPdc+mCIs=,-,ECDHE-RSA-AES128-SHA,-,ez-living.s3-eu-west-1.amazonaws.com,TLSv1.2
2f0544e0e64958de8c656135fcdbad1af1b43808c0d0b974fc77f171694c558e,ez-living,[01/Jun/2020:19:03:02,+0000],86.45.218.153,-,590C8122171B6753,REST.GET.OBJECT,Juno/EZLivingInteriors_-_JunoLeft.usdz,GET /ez-living/Juno/EZLivingInteriors_-_JunoLeft.usdz HTTP/1.1,200,-,19290476,19290476,6422,158,https://www.ezliving-interiors.ie/juno-corner-sofa-with-left-hand-chaise-stool,"Mozilla/5.0 (iPhone; CPU iPhone OS 13_4_1 like Mac OS X) AppleWebKit/605.1.15 (KHTML, like Gecko) Version/13.1 Mobile/15E148 Safari/604.1",-,jrFjADBbf5bqz/vrfWhOHTK2zglBOmyTmkQqmbAUxoKE/uC5flvIrNE2xgBhEPODFO9OTRcW8mw=,-,ECDHE-RSA-AES128-GCM-SHA256,-,s3-eu-west-1.amazonaws.com,TLSv1.2
2f0544e0e64958de8c656135fcdbad1af1b43808c0d0b974fc77f171694c558e,ez-living,[01/Jun/2020:03:04:24,+0000],88.99.161.235,-,2931F02C30171C59,REST.GET.OBJECT,administrator/components/com_wstools/views/sypexdumper/tmpl/sxd/index.php,GET /administrator/components/com_wstools/views/sypexdumper/tmpl/sxd/index.php HTTP/1.1,403,AccessDenied,243,-,17,-,https://ez-living.s3-eu-west-1.amazonaws.com/administrator/components/com_wstools/views/sypexdumper/tmpl/sxd/index.php,"Mozilla/5.0 (Macintosh; Intel Mac OS X 10_11_6) AppleWebKit/537.36 (KHTML, like Gecko) Chrome/67.0.3396.79 Safari/537.36",-,ngxBDBK00q5QNYb0OSbZewIWTgddfJN87TRLwtVQzfzXMyVEOrHjclGHBqN/ScglM6oGMA2ZyxI=,-,ECDHE-RSA-AES128-GCM-SHA256,-,ez-living.s3-eu-west-1.amazonaws.com,TLSv1.2
2f0544e0e64958de8c656135fcdbad1af1b43808c0d0b974fc77f171694c558e,ez-living,[01/Jun/2020:21:12:37,+0000],213.202.178.24,-,47E1E89359516E2A,REST.GET.OBJECT,Calia/EZLiving_-_CaliaSofaTable.usdz,GET /ez-living/Calia/EZLiving_-_CaliaSofaTable.usdz HTTP/1.1,200,-,1228412,1228412,66,63,https://www.ezliving-interiors.ie/,"Mozilla/5.0 (iPhone; CPU iPhone OS 13_4_1 like Mac OS X) AppleWebKit/605.1.15 (KHTML, like Gecko) Version/13.1 Mobile/15E148 Safari/604.1",-,VXnF9D6Zr0tqY1X8Onhxv4nx4iLLwx3OMQcZlkLMdvZCZgy7usp8hI6pRSfNSc56ZuH3ZCMc3xw=,-,ECDHE-RSA-AES128-GCM-SHA256,-,s3-eu-west-1.amazonaws.com,TLSv1.2
2f0544e0e64958de8c656135fcdbad1af1b43808c0d0b974fc77f171694c558e,noplacelike,[01/Jun/2020:05:01:29,+0000],157.46.21.50,-,0B030EF17E50710F,REST.GET.OBJECT,MV%2BTest/West%2BElm%2BThree%2BSeater.glb,GET /MV+Test/West+Elm+Three+Seater.glb HTTP/1.1,200,-,6988760,6988760,913,65,https://www.noplacelike.co/,"Mozilla/5.0 (Macintosh; Intel Mac OS X 10_14_0) AppleWebKit/537.36 (KHTML, like Gecko) Chrome/83.0.4103.61 Safari/537.36",-,OccGrAOpYaRAWOc/V4kGd8GWqopQZhQVyKbMwjKSLC0S/pGmFog0498ww4+63p8DbrmImEu35Rk=,-,ECDHE-RSA-AES128-GCM-SHA256,-,noplacelike.s3-eu-west-1.amazonaws.com,TLSv1.2
2f0544e0e64958de8c656135fcdbad1af1b43808c0d0b974fc77f171694c558e,ez-living,[01/Jun/2020:11:31:07,+0000],31.13.127.14,-,0814645D4198D2AE,REST.GET.OBJECT,Marlow/MarlowVelvetPink.usdz,GET /Marlow/MarlowVelvetPink.usdz HTTP/1.1,200,-,3036272,3036272,54,43,-,facebookexternalhit/1.1 (+http://www.facebook.com/externalhit_uatext.php),-,e1xUkdsHMV3B4y8yuVjIW0g2fZ8B8jaqtfTK323LMlYa8f5zBADvhB3Fh5owJflIRbdn+OO22YM=,-,ECDHE-RSA-AES128-GCM-SHA256,-,ez-living.s3-eu-west-1.amazonaws.com,TLSv1.2
2f0544e0e64958de8c656135fcdbad1af1b43808c0d0b974fc77f171694c558e,ez-living,[01/Jun/2020:21:26:19,+0000],31.13.103.19,-,B40C3733B092C05C,REST.GET.OBJECT,Waldorf/EZLivingInteriors-Waldorf3Seater.usdz,GET /ez-living/Waldorf/EZLivingInteriors-Waldorf3Seater.usdz HTTP/1.1,200,-,7342582,7342582,149,65,-,facebookexternalhit/1.1 (+http://www.facebook.com/externalhit_uatext.php),-,edz+1qVC9sY507kI7QSuVenkz88xmgwR7oDUydU2x6G1tYmI6p8GJsuLJhwMupxaesvJqHIjs1M=,-,ECDHE-RSA-AES128-GCM-SHA256,-,s3-eu-west-1.amazonaws.com,TLSv1.2
2f0544e0e64958de8c656135fcdbad1af1b43808c0d0b974fc77f171694c558e,ez-living,[01/Jun/2020:21:22:33,+0000],212.129.72.176,-,5AFE10078776705D,REST.GET.OBJECT,Chic/EZLivingInteriors-ChicBarstoolBlack.usdz,GET /ez-living/Chic/EZLivingInteriors-ChicBarstoolBlack.usdz HTTP/1.1,200,-,8950069,8950069,225,57,https://www.ezliving-interiors.ie/,"Mozilla/5.0 (iPhone; CPU iPhone OS 13_4_1 like Mac OS X) AppleWebKit/605.1.15 (KHTML, like Gecko) Version/13.1 Mobile/15E148 Safari/604.1",-,/ltS1TWo9V8pOIwAPFzUmnjHr8O0kTnSfiAwVtVnquy25UydtXORA4Be0oGU8Ngy353Xfz3tHQc=,-,ECDHE-RSA-AES128-GCM-SHA256,-,s3-eu-west-1.amazonaws.com,TLSv1.2
2f0544e0e64958de8c656135fcdbad1af1b43808c0d0b974fc77f171694c558e,noplacelike,[01/Jun/2020:17:54:08,+0000],68.173.56.20,-,C347154E0E6BDDAE,REST.GET.OBJECT,MV%2BTest/West%2BElm%2BThree%2BSeater.glb,GET /MV+Test/West+Elm+Three+Seater.glb HTTP/1.1,200,-,6988760,6988760,173,74,https://www.noplacelike.co/,"Mozilla/5.0 (Windows NT 10.0; Win64; x64) AppleWebKit/537.36 (KHTML, like Gecko) Chrome/81.0.4044.138 Safari/537.36",-,oACF4/6n+UmGMvVTNvn+Tx6mmx18ucB+ufFvfhHNDNDxs1VF9muCHhwatyBw8i17e+Saq+v+xgA=,-,ECDHE-RSA-AES128-GCM-SHA256,-,noplacelike.s3-eu-west-1.amazonaws.com,TLSv1.2
2f0544e0e64958de8c656135fcdbad1af1b43808c0d0b974fc77f171694c558e,ez-living,[01/Jun/2020:20:43:45,+0000],173.252.83.111,-,670BA5BBF56732FB,REST.GET.OBJECT,Kendal/EZLivingInteriors_-_KendalArmchairBlue.usdz,GET /ez-living/Kendal/EZLivingInteriors_-_KendalArmchairBlue.usdz HTTP/1.1,206,-,524288,5289013,76,71,-,facebookexternalhit/1.1 (+http://www.facebook.com/externalhit_uatext.php),-,oIOZrdb/mxfjA0babyD1YNUPmSJpM4/OlyjhKu7uxo4+KplnVQWxk025ceUhHdkN6rYhVTb4xP4=,-,ECDHE-RSA-AES128-GCM-SHA256,-,s3-eu-west-1.amazonaws.com,TLSv1.2
2f0544e0e64958de8c656135fcdbad1af1b43808c0d0b974fc77f171694c558e,ez-living,[01/Jun/2020:11:31:05,+0000],31.13.127.11,-,95FDC5D6EF1DA255,REST.GET.OBJECT,Marlow/MarlowVelvetPink.usdz,GET /Marlow/MarlowVelvetPink.usdz HTTP/1.1,206,-,524288,3036272,96,92,-,facebookexternalhit/1.1 (+http://www.facebook.com/externalhit_uatext.php),-,ocpb2TWzfH4Btk1P54IO+r7+TCf0E67K596CV/XvwhPLCQUjCfw9CcQTB1tn1y5c1ZhDOvayVCo=,-,ECDHE-RSA-AES128-GCM-SHA256,-,ez-living.s3-eu-west-1.amazonaws.com,TLSv1.2
2f0544e0e64958de8c656135fcdbad1af1b43808c0d0b974fc77f171694c558e,ez-living,[01/Jun/2020:18:43:24,+0000],17.58.98.146,-,91BE7383D2AB7552,REST.GET.OBJECT,Panama/PanamaConsoleTableWhite.usdz,GET /ez-living/Panama/PanamaConsoleTableWhite.usdz HTTP/1.1,200,-,862852,862852,78,75,-,"Mozilla/5.0 (Macintosh; Intel Mac OS X 10_10_1) AppleWebKit/600.2.5 (KHTML, like Gecko) Version/8.0.2 Safari/600.2.5 (Applebot/0.1; +http://www.apple.com/go/applebot)",-,klXLg5Nyn9uK56ZnwFITtIQWkerUmRWpuMnu5e5x4YVIoZEuDyNw27Mq5oyqGJ2cP+aUGnvoftw=,-,ECDHE-RSA-AES128-GCM-SHA256,-,s3.eu-west-1.amazonaws.com,TLSv1.2
2f0544e0e64958de8c656135fcdbad1af1b43808c0d0b974fc77f171694c558e,ez-living,[01/Jun/2020:00:01:18,+0000],31.13.127.6,-,AC01CFA939BDE867,REST.GET.OBJECT,Juno/EZLivingInteriors_-_JunoLeft.usdz,GET /ez-living/Juno/EZLivingInteriors_-_JunoLeft.usdz HTTP/1.1,206,-,524288,19290476,108,94,-,facebookexternalhit/1.1 (+http://www.facebook.com/externalhit_uatext.php),-,oWM7yOb08gQ2jLCsYAMkGo+4AixCB9pX7A7LK7jemPp4KN3p+unvaIIa2Z65VdXYs+0F+NNcAQY=,-,ECDHE-RSA-AES128-GCM-SHA256,-,s3-eu-west-1.amazonaws.com,TLSv1.2
2f0544e0e64958de8c656135fcdbad1af1b43808c0d0b974fc77f171694c558e,ez-living,[01/Jun/2020:14:35:06,+0000],80.111.148.238,-,B7C86E674A0CC5C6,REST.GET.OBJECT,Carter/Carter%2Bgrey%2Bbar%2Bstool.usdz,GET /ez-living/Carter/Carter+grey+bar+stool.usdz HTTP/1.1,200,-,12808481,12808481,520,110,https://www.ezliving-interiors.ie/,"Mozilla/5.0 (iPhone; CPU iPhone OS 13_3 like Mac OS X) AppleWebKit/605.1.15 (KHTML, like Gecko) Version/13.0.4 Mobile/15E148 Safari/604.1",-,GvYqf6Hw76gxFxiR86nc8Hf/GRHxeP0T9o6B9+vX1dX7hkBbaUKqe9tdMJqVT+aH1O/J6qK/1iI=,-,ECDHE-RSA-AES128-GCM-SHA256,-,s3-eu-west-1.amazonaws.com,TLSv1.2
2f0544e0e64958de8c656135fcdbad1af1b43808c0d0b974fc77f171694c558e,ez-living,[01/Jun/2020:16:05:47,+0000],39.103.142.195,-,405395CCE6FABCC2,REST.HEAD.OBJECT,dede_ht/login.php,HEAD /dede_ht/login.php HTTP/1.1,403,AccessDenied,243,-,13,-,-,-,-,187LTVCdHa8FWfWVpwma8zQ9OgVf7LZBs0nGJ4DTkCaKfSvjoDXF3vzDoJb9vGg3zM/m4xZ4BHo=,-,-,-,ez-living.s3-eu-west-1.amazonaws.com,-
2f0544e0e64958de8c656135fcdbad1af1b43808c0d0b974fc77f171694c558e,ez-living,[01/Jun/2020:20:29:52,+0000],185.2.64.86,-,A2994505ACC5FED2,REST.GET.OBJECT,Emily/Emily6DrawerDresser.usdz,GET /Emily/Emily6DrawerDresser.usdz HTTP/1.1,200,-,564931,564931,70,69,https://www.ezliving-interiors.ie/chest-of-drawers,"Mozilla/5.0 (iPhone; CPU iPhone OS 12_4_6 like Mac OS X) AppleWebKit/605.1.15 (KHTML, like Gecko) Version/12.1.2 Mobile/15E148 Safari/604.1",-,EYxYOVm1F456kGo09QBxcbL1ZpgNUmeUEpKeQgSk/E6x0vVvqfA0kheZqUyD2nlF3a6fsmGkQdU=,-,ECDHE-RSA-AES128-GCM-SHA256,-,ez-living.s3-eu-west-1.amazonaws.com,TLSv1.2
2f0544e0e64958de8c656135fcdbad1af1b43808c0d0b974fc77f171694c558e,ez-living,[01/Jun/2020:18:27:51,+0000],78.17.61.42,-,5A59BD16AC0ED0C1,REST.GET.OBJECT,Cheltenham/EZLivingInteriors-CheltanhamTripleWardrobe.usdz,GET /ez-living/Cheltenham/EZLivingInteriors-CheltanhamTripleWardrobe.usdz HTTP/1.1,200,-,2031798,2031798,36,32,https://www.ezliving-interiors.ie/,"Mozilla/5.0 (iPhone; CPU iPhone OS 13_3_1 like Mac OS X) AppleWebKit/605.1.15 (KHTML, like Gecko) Version/13.0.5 Mobile/15E148 Safari/604.1",-,HfXLbJFwnthH4LJbe7Z/sNDOhzUPHJW5WbVexKxIj1TlpmlmDhlRu73FI5Sw8KkTrp5eo5yyzT8=,-,ECDHE-RSA-AES128-GCM-SHA256,-,s3-eu-west-1.amazonaws.com,TLSv1.2
2f0544e0e64958de8c656135fcdbad1af1b43808c0d0b974fc77f171694c558e,ez-living,[01/Jun/2020:15:36:27,+0000],31.13.115.2,-,E04BFA218C476ECE,REST.GET.OBJECT,Scott/EZLivingInteriors-Scott3Leather.usdz,GET /ez-living/Scott/EZLivingInteriors-Scott3Leather.usdz HTTP/1.1,206,-,524288,7684059,67,63,-,facebookexternalhit/1.1 (+http://www.facebook.com/externalhit_uatext.php),-,ogrKyi4cxNG1bTqRby00jIM8qhfN4saYpLVpos4W8ffB7QO1XZANDRblCuHDlrH/XtUuOMSRC+Y=,-,ECDHE-RSA-AES128-GCM-SHA256,-,s3-eu-west-1.amazonaws.com,TLSv1.2
2f0544e0e64958de8c656135fcdbad1af1b43808c0d0b974fc77f171694c558e,ez-living,[01/Jun/2020:20:43:45,+0000],173.252.83.12,-,7EAA5CE12BD886BD,REST.GET.OBJECT,Waldorf/EZLivingInteriors-Waldorf2Seater.usdz,GET /ez-living/Waldorf/EZLivingInteriors-Waldorf2Seater.usdz HTTP/1.1,206,-,524288,7380849,103,100,-,facebookexternalhit/1.1 (+http://www.facebook.com/externalhit_uatext.php),-,2SHCTjrRUE54ygJJUYuSNiaTbsUSNJFzlCvwcI6rTt1TzL4j8RCYG9hzwau+KKjEUywVLBN8G5A=,-,ECDHE-RSA-AES128-GCM-SHA256,-,s3-eu-west-1.amazonaws.com,TLSv1.2
2f0544e0e64958de8c656135fcdbad1af1b43808c0d0b974fc77f171694c558e,ez-living,[01/Jun/2020:07:49:20,+0000],46.229.168.143,-,8334AF81BED0F710,REST.GET.OBJECT,Primrose/PrimroseLightBrown.usdz,GET /ez-living/Primrose/PrimroseLightBrown.usdz HTTP/1.1,200,-,2723764,2723764,103,88,-,Mozilla/5.0 (compatible; SemrushBot/6~bl; +http://www.semrush.com/bot.html),-,p0vcGLI4bcGKEerpX8b4paB+cIDIy7vyoqkCGGMy6/K+hNqKQ92Iq2zFeN18jPcq3kVUEWVxnEw=,-,ECDHE-RSA-AES128-GCM-SHA256,-,s3.eu-west-1.amazonaws.com,TLSv1.2
2f0544e0e64958de8c656135fcdbad1af1b43808c0d0b974fc77f171694c558e,ez-living,[01/Jun/2020:21:37:25,+0000],31.13.103.18,-,2C0F5ED2DCDCE9FE,REST.GET.OBJECT,Marlow/MarlowVelvetNavy.usdz,GET /Marlow/MarlowVelvetNavy.usdz HTTP/1.1,206,-,524288,3074032,82,79,-,facebookexternalhit/1.1 (+http://www.facebook.com/externalhit_uatext.php),-,ci4u+3pToC9G/QBFelhX34O/pYV9Vjjq6Bn0SwxxpGqBrPXye9AIv0mb2wB5QvZ55kvvmbw7gw4=,-,ECDHE-RSA-AES128-GCM-SHA256,-,ez-living.s3-eu-west-1.amazonaws.com,TLSv1.2
2f0544e0e64958de8c656135fcdbad1af1b43808c0d0b974fc77f171694c558e,ez-living,[01/Jun/2020:12:53:54,+0000],31.13.127.31,-,3F9833D2DD8394CA,REST.GET.OBJECT,Scott/EZLivingInteriors-Scott3Leather.usdz,GET /ez-living/Scott/EZLivingInteriors-Scott3Leather.usdz HTTP/1.1,206,-,524288,7684059,82,75,-,facebookexternalhit/1.1 (+http://www.facebook.com/externalhit_uatext.php),-,A+8+Do0Aigg+UZL89+4jfE26UeXs3gRVacR6ZnxIzke5BC2QlSbX9gMHC7KnkXCI7h85hlaAkGw=,-,ECDHE-RSA-AES128-GCM-SHA256,-,s3-eu-west-1.amazonaws.com,TLSv1.2
2f0544e0e64958de8c656135fcdbad1af1b43808c0d0b974fc77f171694c558e,ez-living,[01/Jun/2020:21:26:50,+0000],109.76.90.131,-,25B5038FF70E7986,REST.GET.OBJECT,Emily/Emily4Bed.usdz,GET /Emily/Emily4Bed.usdz HTTP/1.1,200,-,4708301,4708301,137,91,https://www.ezliving-interiors.ie/,"Mozilla/5.0 (iPhone; CPU iPhone OS 13_4_1 like Mac OS X) AppleWebKit/605.1.15 (KHTML, like Gecko) Version/13.1 Mobile/15E148 Safari/604.1",-,1ubw2CBCJThIEeie5uw8Tvq0Hga0Rg13E+mgnJItWRpN1yukvlNS1V/aiTR/cFHQW/f00yUOZdY=,-,ECDHE-RSA-AES128-GCM-SHA256,-,ez-living.s3-eu-west-1.amazonaws.com,TLSv1.2
2f0544e0e64958de8c656135fcdbad1af1b43808c0d0b974fc77f171694c558e,ez-living,[01/Jun/2020:19:53:05,+0000],80.111.38.5,-,5035D36E5B72C6F7,REST.GET.OBJECT,Kendal/EZLivingInteriors_-_Kendal2SeaterBlue.usdz,GET /ez-living/Kendal/EZLivingInteriors_-_Kendal2SeaterBlue.usdz HTTP/1.1,200,-,6270688,6270688,102,50,https://www.ezliving-interiors.ie/,"Mozilla/5.0 (iPhone; CPU iPhone OS 13_5 like Mac OS X) AppleWebKit/605.1.15 (KHTML, like Gecko) Version/13.1.1 Mobile/15E148 Safari/604.1",-,pMwOKKdQw0c8UWd5Gqu4UIkRkpGrY6yNxDUQr1nn2Jkp8MLXKbNEuxnlPh8UK+5rt2skht2PSGI=,-,ECDHE-RSA-AES128-GCM-SHA256,-,s3-eu-west-1.amazonaws.com,TLSv1.2
2f0544e0e64958de8c656135fcdbad1af1b43808c0d0b974fc77f171694c558e,ez-living,[01/Jun/2020:00:16:07,+0000],199.102.205.207,-,36C7282C604152BE,REST.GET.OBJECT,Inspire/EZLivingInteriors_-_InspireRightGrey.usdz,GET /ez-living/Inspire/EZLivingInteriors_-_InspireRightGrey.usdz HTTP/1.1,200,-,14241290,14241290,6926,63,https://www.ezliving-interiors.ie/,"Mozilla/5.0 (iPhone; CPU iPhone OS 13_4_1 like Mac OS X) AppleWebKit/605.1.15 (KHTML, like Gecko) Version/13.1 Mobile/15E148 Safari/604.1",-,d3FBkRxgwYCTjscnWPspn+ivoHyc57tzD5v07GHqOCSCf+xd2rQR7IxNaCtQ3FZa7Jm03WoAS/4=,-,ECDHE-RSA-AES128-GCM-SHA256,-,s3-eu-west-1.amazonaws.com,TLSv1.2
2f0544e0e64958de8c656135fcdbad1af1b43808c0d0b974fc77f171694c558e,ez-living,[01/Jun/2020:08:33:46,+0000],17.58.102.45,-,2758AD215A718329,REST.GET.OBJECT,Portland/PortlandExpanded.usdz%2B%2BChecklist,GET /ez-living/Portland/PortlandExpanded.usdz%20%20Checklist HTTP/1.1,403,AccessDenied,243,-,15,-,-,"Mozilla/5.0 (Macintosh; Intel Mac OS X 10_10_1) AppleWebKit/600.2.5 (KHTML, like Gecko) Version/8.0.2 Safari/600.2.5 (Applebot/0.1; +http://www.apple.com/go/applebot)",-,2NdSCZ8hR6Oz30OSIp1fA3A/G5UnsjIbc398eSoHuqaIE3tYitvMbU5WLpXLlIGJCNCdzAsnfaI=,-,ECDHE-RSA-AES128-GCM-SHA256,-,s3.eu-west-1.amazonaws.com,TLSv1.2
2f0544e0e64958de8c656135fcdbad1af1b43808c0d0b974fc77f171694c558e,ez-living,[01/Jun/2020:10:29:32,+0000],54.164.181.5,-,DCBA356242206D43,REST.GET.BUCKET,-,GET /?max-keys=1 HTTP/1.1,400,AuthorizationHeaderMalformed,365,-,3,-,-,aws-sdk-dotnet-35/2.3.23.0 .NET Runtime/4.0 .NET Framework/4.0 OS/6.2.9200.0 ClientSync,-,CeVkIh5FdRouYp1Mz5UW69LmwvdPns9wRriMFd1jEUAIoWihRJcraK11yqyw97ivCAvib2/TEpk=,SigV4,ECDHE-RSA-AES128-SHA,AuthHeader,ez-living.s3.amazonaws.com,TLSv1
2f0544e0e64958de8c656135fcdbad1af1b43808c0d0b974fc77f171694c558e,ez-living,[01/Jun/2020:17:30:18,+0000],31.13.127.13,-,E9BF7E2BE61E94EB,REST.GET.OBJECT,Juno/EZLivingInteriors_-_JunoLeft.usdz,GET /ez-living/Juno/EZLivingInteriors_-_JunoLeft.usdz HTTP/1.1,206,-,524288,19290476,81,76,-,facebookexternalhit/1.1 (+http://www.facebook.com/externalhit_uatext.php),-,P3BGNuuL/ba3khwXCp1/AU0fCk2OFX5ZCm2rZGY9NyW7AK1gymNqtc19ORX4isN26farBhAaRq4=,-,ECDHE-RSA-AES128-GCM-SHA256,-,s3-eu-west-1.amazonaws.com,TLSv1.2
2f0544e0e64958de8c656135fcdbad1af1b43808c0d0b974fc77f171694c558e,ez-living,[01/Jun/2020:20:43:49,+0000],173.252.83.111,-,46D9CC308E13BD0C,REST.GET.OBJECT,Natty/EZLivingInteriors_-_NattySofa.usdz,GET /ez-living/Natty/EZLivingInteriors_-_NattySofa.usdz HTTP/1.1,200,-,13549078,13549078,8721,38,-,facebookexternalhit/1.1 (+http://www.facebook.com/externalhit_uatext.php),-,VFnIJbj6PyVc4EU4/SXUemjnO8+LBIaWN5uX1zeSJIXAY/bV5gXrf5tmMU2UjQ4LJqDwwQUfVzk=,-,ECDHE-RSA-AES128-GCM-SHA256,-,s3-eu-west-1.amazonaws.com,TLSv1.2
2f0544e0e64958de8c656135fcdbad1af1b43808c0d0b974fc77f171694c558e,ez-living,[01/Jun/2020:16:05:47,+0000],39.103.142.195,-,405F2EFCD8AC7120,REST.HEAD.OBJECT,dedecms/login.php,HEAD /dedecms/login.php HTTP/1.1,403,AccessDenied,243,-,15,-,-,-,-,xFxhDPRQmVTcHHmHV89LGZ/DtkWyQAS/oZKnxNFz9k01Xlt3HuCWQ0LbXNbnyPTKfQlb5oFsm/Q=,-,-,-,ez-living.s3-eu-west-1.amazonaws.com,-
2f0544e0e64958de8c656135fcdbad1af1b43808c0d0b974fc77f171694c558e,ez-living,[01/Jun/2020:04:00:45,+0000],46.229.168.140,-,89FE6D5E72A9E771,REST.GET.OBJECT,Taylor/Taylor2Seater.usdz,GET /Taylor/Taylor2Seater.usdz HTTP/1.1,200,-,4313660,6407282,194,90,-,Mozilla/5.0 (compatible; SemrushBot/6~bl; +http://www.semrush.com/bot.html),-,3a7BQA8rXmvCHuvr8C8PRLVg4/4z+vZxfEd8EdzQgGu1Rl/ag4WMl/FABZ+F31tnwWUqnT+KmMw=,-,ECDHE-RSA-AES128-GCM-SHA256,-,ez-living.s3-eu-west-1.amazonaws.com,TLSv1.2
2f0544e0e64958de8c656135fcdbad1af1b43808c0d0b974fc77f171694c558e,ez-living,[01/Jun/2020:21:32:59,+0000],151.226.17.153,-,CF38D0EB7E7F17A8,REST.GET.OBJECT,Brinley/EZLivingInteriorsBrinley_25L_15RCharcoal.usdz,GET /ez-living/Brinley/EZLivingInteriorsBrinley_25L_15RCharcoal.usdz HTTP/1.1,200,-,3264733,3264733,130,105,https://www.ezlivinginteriors.co.uk/,"Mozilla/5.0 (iPhone; CPU iPhone OS 13_4_1 like Mac OS X) AppleWebKit/605.1.15 (KHTML, like Gecko) Version/13.1 Mobile/15E148 Safari/604.1",-,uZQ+jWnonFZd3laF8/iC5/cRwyJYFMhK7ScGkvBlkfsuqErdy8Z+sPokccYjGkXKBuuOZw3o6Z0=,-,ECDHE-RSA-AES128-GCM-SHA256,-,s3-eu-west-1.amazonaws.com,TLSv1.2
2f0544e0e64958de8c656135fcdbad1af1b43808c0d0b974fc77f171694c558e,ez-living,[01/Jun/2020:20:00:56,+0000],185.99.139.102,-,1A36BD044A672840,REST.GET.OBJECT,Sofia/EZLivingInteriors-SofiaChairBlue.usdz,GET /ez-living/Sofia/EZLivingInteriors-SofiaChairBlue.usdz HTTP/1.1,200,-,3982843,3982843,148,90,https://www.ezliving-interiors.ie/,"Mozilla/5.0 (iPhone; CPU iPhone OS 13_4_1 like Mac OS X) AppleWebKit/605.1.15 (KHTML, like Gecko) Version/13.1 Mobile/15E148 Safari/604.1",-,Q6tM6Y4/tvUnZRs9ta+YP7DiK7kmi2wVIQACtweLmNcHP6VhZ2uC40yLOSGSnrmCG3/WOMQHMI4=,-,ECDHE-RSA-AES128-GCM-SHA256,-,s3-eu-west-1.amazonaws.com,TLSv1.2
2f0544e0e64958de8c656135fcdbad1af1b43808c0d0b974fc77f171694c558e,ez-living,[01/Jun/2020:20:52:28,+0000],140.255.62.156,-,34E7AEAC386D0065,REST.GET.OBJECT,Farrow/EZ...,GET /ez-living/Farrow/EZ... HTTP/1.1,403,AccessDenied,243,-,13,-,-,Mozilla/4.0 (compatible; MSIE 8.0; Windows NT 6.1; Trident/4.0),-,DHBeKjiugW7VGvoOLOTUy5UZDYepDjQ/woTHXBAO8N0ov2JRlgBPpPkZM2Sf11kWiDgeP64/jJ0=,-,ECDHE-RSA-AES128-SHA,-,s3-eu-west-1.amazonaws.com,TLSv1.2
2f0544e0e64958de8c656135fcdbad1af1b43808c0d0b974fc77f171694c558e,ez-living,[01/Jun/2020:11:31:09,+0000],31.13.127.11,-,F4BF75C5D4311D2F,REST.GET.OBJECT,Marlow/MarlowFabricDarkWood.usdz,GET /Marlow/MarlowFabricDarkWood.usdz HTTP/1.1,200,-,4875338,4875338,160,133,-,facebookexternalhit/1.1 (+http://www.facebook.com/externalhit_uatext.php),-,yaxFhqNV6KP9cynp6/j3J+RKEQsdLDs0E5+34mj625vri7xEUl0PPFRYaC6Lududr1Guricurm0=,-,ECDHE-RSA-AES128-GCM-SHA256,-,ez-living.s3-eu-west-1.amazonaws.com,TLSv1.2
2f0544e0e64958de8c656135fcdbad1af1b43808c0d0b974fc77f171694c558e,ez-living,[01/Jun/2020:19:57:57,+0000],80.111.38.5,-,AB2759D2D622BD5E,REST.GET.OBJECT,Frame/FrameBlue.usdz,GET /Frame/FrameBlue.usdz HTTP/1.1,200,-,2128022,2128022,49,45,https://www.ezliving-interiors.ie/,"Mozilla/5.0 (iPhone; CPU iPhone OS 13_5 like Mac OS X) AppleWebKit/605.1.15 (KHTML, like Gecko) Version/13.1.1 Mobile/15E148 Safari/604.1",-,vx7W5qAqH3JCt+z1q3XKy/1FUEPLJZoqz5viZn92ix9q+vsWAzcL4tWdOkikSeJu+0Ny9+goImk=,-,ECDHE-RSA-AES128-GCM-SHA256,-,ez-living.s3-eu-west-1.amazonaws.com,TLSv1.2
2f0544e0e64958de8c656135fcdbad1af1b43808c0d0b974fc77f171694c558e,ez-living,[01/Jun/2020:16:05:47,+0000],39.103.142.195,-,09D06D01E4B3FC40,REST.HEAD.OBJECT,dede3/login.php,HEAD /dede3/login.php HTTP/1.1,403,AccessDenied,243,-,13,-,-,-,-,lA+DaxeW89OSUDZ7D4mEKgijkWkjYaAXpK6FtjMpaeuovlCtbXjRCmVQHmmDQgbfYjqRrFP5RZQ=,-,-,-,ez-living.s3-eu-west-1.amazonaws.com,-
2f0544e0e64958de8c656135fcdbad1af1b43808c0d0b974fc77f171694c558e,ez-living,[01/Jun/2020:18:31:51,+0000],80.111.79.224,-,2000DC38391E3197,REST.GET.OBJECT,Brinley/EZLivingInteriors-Brinley_15L_25RTurquoise.usdz,GET /ez-living/Brinley/EZLivingInteriors-Brinley_15L_25RTurquoise.usdz HTTP/1.1,200,-,3333727,3333727,106,90,https://www.ezliving-interiors.ie/,"Mozilla/5.0 (iPhone; CPU iPhone OS 13_3_1 like Mac OS X) AppleWebKit/605.1.15 (KHTML, like Gecko) Version/13.0.5 Mobile/15E148 Safari/604.1",-,u+gVxh04anAzSvXSbDyYYfs1zLUf3TiMa+AsjpHxMdlj3FEHVHrf96Oe/R4Pksj2Jwv0S+XnhXQ=,-,ECDHE-RSA-AES128-GCM-SHA256,-,s3-eu-west-1.amazonaws.com,TLSv1.2
2f0544e0e64958de8c656135fcdbad1af1b43808c0d0b974fc77f171694c558e,ez-living,[01/Jun/2020:20:52:38,+0000],140.255.62.156,-,633D03453094D1A9,REST.GET.OBJECT,Farrow/EZ...,GET /ez-living/Farrow/EZ... HTTP/1.1,403,AccessDenied,243,-,11,-,-,Mozilla/4.0 (compatible; MSIE 8.0; Windows NT 6.1; Trident/4.0),-,Jguo8+87sTcWjn5wSMrq7FKvaRPNmcAvs2wzyzXhtKoI9+OsHGpl+VmMp3sD02XpcvM36Bn2U6M=,-,ECDHE-RSA-AES128-SHA,-,s3-eu-west-1.amazonaws.com,TLSv1.2
2f0544e0e64958de8c656135fcdbad1af1b43808c0d0b974fc77f171694c558e,ez-living,[01/Jun/2020:20:43:45,+0000],173.252.83.14,-,A45BE0EDC7073690,REST.GET.OBJECT,Kendal/EZLivingInteriors_-_Kendal2SeaterGrey.usdz,GET /ez-living/Kendal/EZLivingInteriors_-_Kendal2SeaterGrey.usdz HTTP/1.1,206,-,524288,19283204,76,73,-,facebookexternalhit/1.1 (+http://www.facebook.com/externalhit_uatext.php),-,DpWfebt5nXd+YRoQBpCmT6rcLjpUtjfh87XFI/wKMRCHZRIMX2RsfikMeHeXst004mguotKzwAw=,-,ECDHE-RSA-AES128-GCM-SHA256,-,s3-eu-west-1.amazonaws.com,TLSv1.2
2f0544e0e64958de8c656135fcdbad1af1b43808c0d0b974fc77f171694c558e,ez-living,[01/Jun/2020:11:52:01,+0000],80.233.40.62,-,8A01288C0820D3D2,REST.GET.OBJECT,Coco/CocoSofa.usdz,GET /Coco/CocoSofa.usdz HTTP/1.1,200,-,2903360,2903360,68,46,https://www.ezliving-interiors.ie/,"Mozilla/5.0 (iPhone; CPU iPhone OS 13_3 like Mac OS X) AppleWebKit/605.1.15 (KHTML, like Gecko) Version/13.0.4 Mobile/15E148 Safari/604.1",-,FNRrmoFrGtHwD6qp7lZ/cNtVQubYorAbHSrcGSEJ1hvtis/eO1rn+k2hcB/KwrcmpS7Zl7RPwZc=,-,ECDHE-RSA-AES128-GCM-SHA256,-,ez-living.s3-eu-west-1.amazonaws.com,TLSv1.2
2f0544e0e64958de8c656135fcdbad1af1b43808c0d0b974fc77f171694c558e,ez-living,[01/Jun/2020:04:37:35,+0000],183.143.59.125,-,8D0131B93BAE64E1,REST.GET.OBJECT,Primrose/EZ...,GET /Primrose/EZ... HTTP/1.1,403,AccessDenied,243,-,22,-,-,Mozilla/4.0 (compatible; MSIE 8.0; Windows NT 6.1; Trident/4.0),-,NhjYXLRAutP8n1puGMSB6WSd3kSrHW5Ifb/jOneEHu87i0D/G4n2m3KUbvsRnwUFqMAvzl087xQ=,-,ECDHE-RSA-AES128-SHA,-,ez-living.s3-eu-west-1.amazonaws.com,TLSv1.2
2f0544e0e64958de8c656135fcdbad1af1b43808c0d0b974fc77f171694c558e,ez-living,[01/Jun/2020:00:43:25,+0000],40.77.167.37,-,7E0E0BCC826908C1,REST.GET.OBJECT,Kendal/EZLivingInteriors_-_Kendal2SeaterGrey.usdz,GET /ez-living/Kendal/EZLivingInteriors_-_Kendal2SeaterGrey.usdz HTTP/1.1,304,-,-,19283204,16,-,-,Mozilla/5.0 (compatible; bingbot/2.0; +http://www.bing.com/bingbot.htm),-,Sx+HZ5eCZXB7ju+Vn3MBGwsbZH7WlFRQ3cibkmQMQcKp4a9jKylEGGFt29mIkp8A2ECT0VmEs94=,-,ECDHE-RSA-AES128-GCM-SHA256,-,s3-eu-west-1.amazonaws.com,TLSv1.2
2f0544e0e64958de8c656135fcdbad1af1b43808c0d0b974fc77f171694c558e,ez-living,[01/Jun/2020:17:30:18,+0000],31.13.127.118,-,3E021A4214385654,REST.GET.OBJECT,Juno/EZLivingInteriors_-_JunoRight.usdz,GET /ez-living/Juno/EZLivingInteriors_-_JunoRight.usdz HTTP/1.1,206,-,524288,19286125,80,77,-,facebookexternalhit/1.1 (+http://www.facebook.com/externalhit_uatext.php),-,J3dXmkInQ8FEJjuwFVVTSWb3BRK8no/ZYSO4YVTIYKiSEszr9fAD7crsYOuH0VWbKmNfM1FqmJg=,-,ECDHE-RSA-AES128-GCM-SHA256,-,s3-eu-west-1.amazonaws.com,TLSv1.2
2f0544e0e64958de8c656135fcdbad1af1b43808c0d0b974fc77f171694c558e,ez-living,[01/Jun/2020:19:02:13,+0000],37.228.245.224,-,DDC4D1FBD86A236C,REST.GET.OBJECT,Loire/LoireBookcase.usdz,GET /Loire/LoireBookcase.usdz HTTP/1.1,200,-,1946234,1946234,67,64,https://www.ezliving-interiors.ie/,"Mozilla/5.0 (iPhone; CPU iPhone OS 13_4_1 like Mac OS X) AppleWebKit/605.1.15 (KHTML, like Gecko) Version/13.1 Mobile/15E148 Safari/604.1",-,VwvCpFCWkXYSBFEPUyZs12fJF4q1BJWAwBcWWDhg2tqM4c+5BXAGZxL0VmX5eeYRMksAtds0qvs=,-,ECDHE-RSA-AES128-GCM-SHA256,-,ez-living.s3-eu-west-1.amazonaws.com,TLSv1.2
2f0544e0e64958de8c656135fcdbad1af1b43808c0d0b974fc77f171694c558e,ez-living,[01/Jun/2020:03:43:17,+0000],31.13.115.113,-,CDB2B05B3BCE3FF3,REST.GET.OBJECT,Scott/EZLivingInteriors-Scott3Leather.usdz,GET /ez-living/Scott/EZLivingInteriors-Scott3Leather.usdz HTTP/1.1,206,-,524288,7684059,54,50,-,facebookexternalhit/1.1 (+http://www.facebook.com/externalhit_uatext.php),-,Tfu+j9ulsIW4b1deDY8Hzxp2HWdZ695h0rieqz2bjE30V7FBBu0fYnqvXkfdFSQa+TNqb1zHRq4=,-,ECDHE-RSA-AES128-GCM-SHA256,-,s3-eu-west-1.amazonaws.com,TLSv1.2
2f0544e0e64958de8c656135fcdbad1af1b43808c0d0b974fc77f171694c558e,ez-living,[01/Jun/2020:20:43:49,+0000],173.252.83.19,-,CDB798503A8C6E64,REST.GET.OBJECT,Kendal/EZLivingInteriors_-_Kendal2SeaterGrey.usdz,GET /ez-living/Kendal/EZLivingInteriors_-_Kendal2SeaterGrey.usdz HTTP/1.1,200,-,19283204,19283204,83803,53,-,facebookexternalhit/1.1 (+http://www.facebook.com/externalhit_uatext.php),-,NTXy4AmUeOtJPRdUo5nMTtbJ37os17PC5mLrPXaGRoomsUa9LFpdv8lJjKJi0wq6KyboM5RVIe0=,-,ECDHE-RSA-AES128-GCM-SHA256,-,s3-eu-west-1.amazonaws.com,TLSv1.2
2f0544e0e64958de8c656135fcdbad1af1b43808c0d0b974fc77f171694c558e,noplacelike,[01/Jun/2020:05:24:23,+0000],27.5.199.209,-,FF9C5E11ED555187,REST.GET.OBJECT,MV%2BTest/West%2BElm%2BThree%2BSeater.glb,GET /MV+Test/West+Elm+Three+Seater.glb HTTP/1.1,200,-,6988760,6988760,475,69,https://www.noplacelike.co/,"Mozilla/5.0 (Macintosh; Intel Mac OS X 10_15_3) AppleWebKit/537.36 (KHTML, like Gecko) Chrome/80.0.3987.132 Safari/537.36",-,xcqKoYNAZF4p0AnlHG+CQ6THvxSbKpXvzZrODe9BI+dhypcy5aVxfIVCuihp9wrJN1bMsRvhXnk=,-,ECDHE-RSA-AES128-GCM-SHA256,-,noplacelike.s3-eu-west-1.amazonaws.com,TLSv1.2
2f0544e0e64958de8c656135fcdbad1af1b43808c0d0b974fc77f171694c558e,ez-living,[01/Jun/2020:03:04:24,+0000],88.99.161.235,-,92BBC641E0D1DB48,REST.GET.OBJECT,administrator/components/com_wstools/views/sypexdumper/tmpl/sxd/index.php,GET /administrator/components/com_wstools/views/sypexdumper/tmpl/sxd/index.php HTTP/1.1,403,AccessDenied,243,-,44,-,http://ez-living.s3-eu-west-1.amazonaws.com/administrator/components/com_wstools/views/sypexdumper/tmpl/sxd/index.php,"Mozilla/5.0 (Macintosh; Intel Mac OS X 10_11_6) AppleWebKit/537.36 (KHTML, like Gecko) Chrome/67.0.3396.79 Safari/537.36",-,V+5XsFRfmuY8F/Whs7QGcAkSu4P8eFOMty9kPNtceVaoU4zoqz5dYFdkvsQoEI4Smj2ctjZjQv4=,-,-,-,ez-living.s3-eu-west-1.amazonaws.com,-
2f0544e0e64958de8c656135fcdbad1af1b43808c0d0b974fc77f171694c558e,ez-living,[01/Jun/2020:12:15:59,+0000],213.233.147.149,-,9FE0694D4931842B,REST.GET.OBJECT,Scott/EZLivingInteriors_-_Scott2SeaterGreen.usdz,GET /ez-living/Scott/EZLivingInteriors_-_Scott2SeaterGreen.usdz HTTP/1.1,200,-,6299704,6299704,87,71,https://www.ezliving-interiors.ie/,"Mozilla/5.0 (iPhone; CPU iPhone OS 13_4_1 like Mac OS X) AppleWebKit/605.1.15 (KHTML, like Gecko) Version/13.1 Mobile/15E148 Safari/604.1",-,lPt73VmnLrSyVxLBecxwFqgYjDCldKYZnFAHKFZHakzQfyfxNAj3A6J2h5gJCPavpYerClxWw7k=,-,ECDHE-RSA-AES128-GCM-SHA256,-,s3-eu-west-1.amazonaws.com,TLSv1.2
2f0544e0e64958de8c656135fcdbad1af1b43808c0d0b974fc77f171694c558e,ez-living,[01/Jun/2020:20:06:32,+0000],115.234.106.65,-,A54A1853C5967A28,REST.GET.OBJECT,Primrose/EZ...,GET /Primrose/EZ... HTTP/1.1,403,AccessDenied,243,-,14,-,-,Mozilla/4.0 (compatible; MSIE 8.0; Windows NT 6.1; Trident/4.0),-,4rRBz3PfAZdDYmyfj2oKa9PwX/CZtBw6Ymk51WKOqWyWBs+wkNzeQvWrePk83pfezLenmALLB5w=,-,ECDHE-RSA-AES128-SHA,-,ez-living.s3-eu-west-1.amazonaws.com,TLSv1.2
2f0544e0e64958de8c656135fcdbad1af1b43808c0d0b974fc77f171694c558e,ez-living,[01/Jun/2020:02:01:14,+0000],31.13.127.14,-,1385F37DE04F80B5,REST.GET.OBJECT,Scott/EZLivingInteriors-Scott3Leather.usdz,GET /ez-living/Scott/EZLivingInteriors-Scott3Leather.usdz HTTP/1.1,200,-,7684059,7684059,169,41,-,facebookexternalhit/1.1 (+http://www.facebook.com/externalhit_uatext.php),-,5XbjT4LOpzBXWNPi/HbuxgPe05K+mYUEowgmFD+jsqfd8paEbX0SJ6C4J4sq7iZvwMzSE8+DVNU=,-,ECDHE-RSA-AES128-GCM-SHA256,-,s3-eu-west-1.amazonaws.com,TLSv1.2
2f0544e0e64958de8c656135fcdbad1af1b43808c0d0b974fc77f171694c558e,ez-living,[01/Jun/2020:20:21:40,+0000],114.119.160.230,-,611B2975E74497FC,REST.GET.OBJECT,robots.txt,GET /robots.txt HTTP/1.1,403,AccessDenied,243,-,12,-,-,"Mozilla/5.0 (Linux; Android 7.0;) AppleWebKit/537.36 (KHTML, like Gecko) Mobile Safari/537.36 (compatible; PetalBot;+https://aspiegel.com/petalbot)",-,MR6mr2/KrmGuK7tJvPjM5VxV9SO5efziDfatuGSaYZMMbDVylA3JBvu/ckB3agdKM9dv10dvnJw=,-,ECDHE-RSA-AES128-SHA,-,ez-living.s3-eu-west-1.amazonaws.com,TLSv1.2
2f0544e0e64958de8c656135fcdbad1af1b43808c0d0b974fc77f171694c558e,ez-living,[01/Jun/2020:22:10:06,+0000],78.17.79.28,-,96D32F96A9099CEA,REST.GET.OBJECT,Juno/EZLivingInteriors_-_JunoLeft.usdz,GET /ez-living/Juno/EZLivingInteriors_-_JunoLeft.usdz HTTP/1.1,200,-,19290476,19290476,596,80,https://www.ezliving-interiors.ie/,"Mozilla/5.0 (iPhone; CPU iPhone OS 13_4_1 like Mac OS X) AppleWebKit/605.1.15 (KHTML, like Gecko) Version/13.1 Mobile/15E148 Safari/604.1",-,iYzWC8DFZqPb2NlitpqhGUwNON3oYCSQq0iHejNbI/gxt0+kWjWZSU4E+r86BvFKGram2XMmCyA=,-,ECDHE-RSA-AES128-GCM-SHA256,-,s3-eu-west-1.amazonaws.com,TLSv1.2
2f0544e0e64958de8c656135fcdbad1af1b43808c0d0b974fc77f171694c558e,ez-living,[01/Jun/2020:13:29:22,+0000],39.103.142.195,-,2D36FD540F529A1A,REST.GET.OBJECT,robots.txt,GET /robots.txt HTTP/1.1,403,AccessDenied,243,-,12,-,-,Mozilla/5.0 (Windows NT 10.0; WOW64; rv:48.0) Gecko/20100101 Firefox/48.0,-,eOZUzeS8URllGNdmfFFgOkxhPCh2h2EtUecq7Yb1J3X9UtzVHAcRgt6mf8FG9SaHogATQlOnjy0=,-,-,-,ez-living.s3-eu-west-1.amazonaws.com,-
2f0544e0e64958de8c656135fcdbad1af1b43808c0d0b974fc77f171694c558e,ez-living,[01/Jun/2020:17:53:53,+0000],213.233.150.3,-,7E88B92BEC68C58C,REST.GET.OBJECT,Farrow/Farrow2Seater.usdz,GET /Farrow/Farrow2Seater.usdz HTTP/1.1,200,-,3114158,3114158,161,71,https://www.ezliving-interiors.ie/velvet-sofas-couches,"Mozilla/5.0 (iPhone; CPU iPhone OS 12_4_1 like Mac OS X) AppleWebKit/605.1.15 (KHTML, like Gecko) Version/12.1.2 Mobile/15E148 Safari/604.1",-,TlH2cjideBIoP+yv46oT/kR/rIMDX/Z9irX0CuZKDoUlRGjXLX8mnS0e3xy2HinzjNoczUnzcHk=,-,ECDHE-RSA-AES128-GCM-SHA256,-,ez-living.s3-eu-west-1.amazonaws.com,TLSv1.2
2f0544e0e64958de8c656135fcdbad1af1b43808c0d0b974fc77f171694c558e,ez-living,[01/Jun/2020:13:20:45,+0000],46.229.168.132,-,EE3145D55C1DF954,REST.GET.OBJECT,Scott/EZLivingInteriors_-_ScottCornerGreenLeft.usdz,GET /ez-living/Scott/EZLivingInteriors_-_ScottCornerGreenLeft.usdz HTTP/1.1,200,-,4313660,6397649,268,180,-,Mozilla/5.0 (compatible; SemrushBot/6~bl; +http://www.semrush.com/bot.html),-,GATSaLgtc2aP84qxSdWCQZYp/36HihjD5PuyS2N8KBmliK6NXN5+enlQKwhBNYd7k22B/5Kix+c=,-,ECDHE-RSA-AES128-GCM-SHA256,-,s3-eu-west-1.amazonaws.com,TLSv1.2
2f0544e0e64958de8c656135fcdbad1af1b43808c0d0b974fc77f171694c558e,ez-living,[01/Jun/2020:20:43:45,+0000],173.252.83.24,-,916B6F394343B197,REST.GET.OBJECT,Kendal/EZLivingInteriors_-_Kendal3SeaterGrey.usdz,GET /ez-living/Kendal/EZLivingInteriors_-_Kendal3SeaterGrey.usdz HTTP/1.1,206,-,524288,10214778,73,70,-,facebookexternalhit/1.1 (+http://www.facebook.com/externalhit_uatext.php),-,lxf3Xa1MYweD4Wne8vi6qflKUqtxQLdDkecOOL9AqRaaV3RZfA1YHblR0GujnWnypq4HQbGMWjY=,-,ECDHE-RSA-AES128-GCM-SHA256,-,s3-eu-west-1.amazonaws.com,TLSv1.2
2f0544e0e64958de8c656135fcdbad1af1b43808c0d0b974fc77f171694c558e,ez-living,[01/Jun/2020:20:02:18,+0000],80.111.38.5,-,79CEB8358CF5D2BD,REST.GET.OBJECT,Calia/EZLivingInteriors_-_CaliaBookcase.usdz,GET /ez-living/Calia/EZLivingInteriors_-_CaliaBookcase.usdz HTTP/1.1,200,-,6086882,6086882,136,83,https://www.ezliving-interiors.ie/,"Mozilla/5.0 (iPhone; CPU iPhone OS 13_5 like Mac OS X) AppleWebKit/605.1.15 (KHTML, like Gecko) Version/13.1.1 Mobile/15E148 Safari/604.1",-,+vmvDUTlWUAAof6awH+/ngXdjr0v7RWltntDwyz4vcNAqVmREHIBikXcjA3YyFxEog2eIbUD9R4=,-,ECDHE-RSA-AES128-GCM-SHA256,-,s3-eu-west-1.amazonaws.com,TLSv1.2
2f0544e0e64958de8c656135fcdbad1af1b43808c0d0b974fc77f171694c558e,ez-living,[01/Jun/2020:21:21:42,+0000],212.129.72.176,-,A65DD36D407CED57,REST.GET.OBJECT,Chic/EZLivingInteriors-ChicBarstoolBlack.usdz,GET /ez-living/Chic/EZLivingInteriors-ChicBarstoolBlack.usdz HTTP/1.1,200,-,8950069,8950069,284,92,https://www.ezliving-interiors.ie/,"Mozilla/5.0 (iPhone; CPU iPhone OS 13_4_1 like Mac OS X) AppleWebKit/605.1.15 (KHTML, like Gecko) Version/13.1 Mobile/15E148 Safari/604.1",-,VQH077feyAv31YrFrS9p1FRtXwqR7/T5gI5iHqv/Psy4XrH5wdq1r68VcMBhPaAWSwFuN0AgEfc=,-,ECDHE-RSA-AES128-GCM-SHA256,-,s3-eu-west-1.amazonaws.com,TLSv1.2
2f0544e0e64958de8c656135fcdbad1af1b43808c0d0b974fc77f171694c558e,ez-living,[01/Jun/2020:12:31:11,+0000],80.111.239.64,-,D0A2AB17CEF47DE2,REST.GET.OBJECT,Emily/EmilyBlanketBox.usdz,GET /Emily/EmilyBlanketBox.usdz HTTP/1.1,200,-,486946,486946,69,68,https://www.ezliving-interiors.ie/,"Mozilla/5.0 (iPhone; CPU iPhone OS 13_5 like Mac OS X) AppleWebKit/605.1.15 (KHTML, like Gecko) Version/13.1.1 Mobile/15E148 Safari/604.1",-,6sB2e/iwDQmRBfOY9EYbI8Y6J94/DtojxfHIT7rpCff0BZJfFMqBX8KQOqJAJnHgWUkevAV9qNs=,-,ECDHE-RSA-AES128-GCM-SHA256,-,ez-living.s3-eu-west-1.amazonaws.com,TLSv1.2
2f0544e0e64958de8c656135fcdbad1af1b43808c0d0b974fc77f171694c558e,ez-living,[01/Jun/2020:11:31:07,+0000],31.13.127.19,-,6C01169CB8F80D77,REST.GET.OBJECT,Marlow/MarlowVelvetNavy.usdz,GET /Marlow/MarlowVelvetNavy.usdz HTTP/1.1,200,-,3074032,3074032,87,76,-,facebookexternalhit/1.1 (+http://www.facebook.com/externalhit_uatext.php),-,JYalJ2Mbir9fr+s3T42BaAOCGlLEu2iXIXolXpqbxAoup2amKymPgwgJTuhlwzmvrzB4dDkidh8=,-,ECDHE-RSA-AES128-GCM-SHA256,-,ez-living.s3-eu-west-1.amazonaws.com,TLSv1.2
2f0544e0e64958de8c656135fcdbad1af1b43808c0d0b974fc77f171694c558e,ez-living,[01/Jun/2020:11:58:19,+0000],31.13.127.6,-,4910DA2AA4146A92,REST.GET.OBJECT,Juno/EZLivingInteriors_-_JunoLeft.usdz,GET /ez-living/Juno/EZLivingInteriors_-_JunoLeft.usdz HTTP/1.1,206,-,524288,19290476,82,78,-,facebookexternalhit/1.1 (+http://www.facebook.com/externalhit_uatext.php),-,jrkNdXT7kMBOxhOPwFX07L8Mar10lT6d8g8ESNvQXj8YO0cWII9SH6duWqV1ZHngp8lgLVtWnHU=,-,ECDHE-RSA-AES128-GCM-SHA256,-,s3-eu-west-1.amazonaws.com,TLSv1.2
2f0544e0e64958de8c656135fcdbad1af1b43808c0d0b974fc77f171694c558e,ez-living,[01/Jun/2020:20:52:53,+0000],217.183.12.76,-,5803FF8930030D8B,REST.GET.OBJECT,Portland/Portland.usdz,GET /ez-living/Portland/Portland.usdz HTTP/1.1,200,-,2712901,2712901,117,84,https://www.ezliving-interiors.ie/,"Mozilla/5.0 (iPhone; CPU iPhone OS 13_4_1 like Mac OS X) AppleWebKit/605.1.15 (KHTML, like Gecko) Version/13.1 Mobile/15E148 Safari/604.1",-,n90Tytfo4rZyFQ6fzdImV6kyoX7jIRYB5tIYl9Zut4FkvyYEd9bOJ02EAjfinlBiafR1Nd7+qwY=,-,ECDHE-RSA-AES128-GCM-SHA256,-,s3.eu-west-1.amazonaws.com,TLSv1.2
2f0544e0e64958de8c656135fcdbad1af1b43808c0d0b974fc77f171694c558e,ez-living,[01/Jun/2020:22:24:55,+0000],173.252.95.112,-,3CA8628BEB211799,REST.GET.OBJECT,Scott/EZLivingInteriors-Scott3Leather.usdz,GET /ez-living/Scott/EZLivingInteriors-Scott3Leather.usdz HTTP/1.1,206,-,524288,7684059,105,101,-,facebookexternalhit/1.1 (+http://www.facebook.com/externalhit_uatext.php),-,rY3kT1S8vwoUzaTOAr4rStm56BLHbeESE4S8Er3xPlEES2GJA1XYxAc/tZzDHyvtsqZdBWTw7Mw=,-,ECDHE-RSA-AES128-GCM-SHA256,-,s3-eu-west-1.amazonaws.com,TLSv1.2
2f0544e0e64958de8c656135fcdbad1af1b43808c0d0b974fc77f171694c558e,ez-living,[01/Jun/2020:03:04:24,+0000],88.99.161.235,-,FFC19C2C2B01BC5F,REST.GET.OBJECT,administrator/components/com_wstools/views/sypexdumper/tmpl/sxd/index.php,GET /administrator/components/com_wstools/views/sypexdumper/tmpl/sxd/index.php HTTP/1.1,403,AccessDenied,243,-,13,-,https://ez-living.s3-eu-west-1.amazonaws.com/administrator/components/com_wstools/views/sypexdumper/tmpl/sxd/index.php,"Mozilla/5.0 (Macintosh; Intel Mac OS X 10_11_6) AppleWebKit/537.36 (KHTML, like Gecko) Chrome/67.0.3396.79 Safari/537.36",-,LZBZRj3oAAbGZrgAQdrMURii/I9739tKjpTKCmSmmox4T5RN/qwbh8BgYxdhouicl9FCctupwqg=,-,ECDHE-RSA-AES128-GCM-SHA256,-,ez-living.s3-eu-west-1.amazonaws.com,TLSv1.2
2f0544e0e64958de8c656135fcdbad1af1b43808c0d0b974fc77f171694c558e,ez-living,[01/Jun/2020:20:48:53,+0000],37.228.252.40,-,E6F58A627BAABC60,REST.GET.OBJECT,Rug/RugAbstractRose.usdz,GET /Rug/RugAbstractRose.usdz HTTP/1.1,200,-,9813505,9813505,183,86,https://www.ezliving-interiors.ie/,"Mozilla/5.0 (iPhone; CPU iPhone OS 13_4_1 like Mac OS X) AppleWebKit/605.1.15 (KHTML, like Gecko) Version/13.1 Mobile/15E148 Safari/604.1",-,D23LO92LmlSttCxVd8TjadAvS98yoJ2Mp4/0FN0RPPg7pBfSJLYD7nljeB4tSd4kMRS9osnb8aI=,-,ECDHE-RSA-AES128-GCM-SHA256,-,ez-living.s3-eu-west-1.amazonaws.com,TLSv1.2
2f0544e0e64958de8c656135fcdbad1af1b43808c0d0b974fc77f171694c558e,ez-living,[01/Jun/2020:01:15:15,+0000],31.13.115.117,-,43ACCDB546797F66,REST.GET.OBJECT,Waldorf/EZLivingInteriors-Waldorf3Seater.usdz,GET /ez-living/Waldorf/EZLivingInteriors-Waldorf3Seater.usdz HTTP/1.1,200,-,7342582,7342582,887,82,-,facebookexternalhit/1.1 (+http://www.facebook.com/externalhit_uatext.php),-,4yUZM0LN9ElClkKauZWm2pZlLnWYvjRXvNR/FSlW4xR9S+Szyd+byTE/dTSNq2ddtrw0kUqkFho=,-,ECDHE-RSA-AES128-GCM-SHA256,-,s3-eu-west-1.amazonaws.com,TLSv1.2
2f0544e0e64958de8c656135fcdbad1af1b43808c0d0b974fc77f171694c558e,ez-living,[01/Jun/2020:17:15:54,+0000],39.101.128.217,-,81DF4733DBD8C265,REST.GET.OBJECT,data/admin/allowurl.txt,GET /data/admin/allowurl.txt HTTP/1.1,403,AccessDenied,243,-,14,-,-,Mozilla/5.0 (Windows NT 10.0; WOW64; rv:48.0) Gecko/20100101 Firefox/48.0,-,oh7j+mufp1eCNRwktyWqvKkiZwnF8osnRSKEtvVuf3Xv59zDFV4llbyP5RNU8N+Dy4zOCMhHcnE=,-,-,-,ez-living.s3-eu-west-1.amazonaws.com,-
2f0544e0e64958de8c656135fcdbad1af1b43808c0d0b974fc77f171694c558e,ez-living,[01/Jun/2020:16:21:21,+0000],46.229.168.150,-,0579BF18ACF0FE01,REST.GET.OBJECT,Inspire/EZLivingInteriors_-_InspireLeftLightGrey.usdz,GET /ez-living/Inspire/EZLivingInteriors_-_InspireLeftLightGrey.usdz HTTP/1.1,200,-,4180932,11712068,157,73,-,Mozilla/5.0 (compatible; SemrushBot/6~bl; +http://www.semrush.com/bot.html),-,8v7t0RJgTRCVShBI1YE9is2ATzXV4eH+oNg3paDt/s3fjB55WT1GVf0Lm29qrTHPfOKR5qeUFVs=,-,ECDHE-RSA-AES128-GCM-SHA256,-,s3-eu-west-1.amazonaws.com,TLSv1.2
2f0544e0e64958de8c656135fcdbad1af1b43808c0d0b974fc77f171694c558e,ez-living,[01/Jun/2020:10:31:16,+0000],81.110.135.192,-,94D4E13000D88453,REST.GET.OBJECT,Charm/EZLivingInteriors-CharmCuddlerArmchair.usdz,GET /ez-living/Charm/EZLivingInteriors-CharmCuddlerArmchair.usdz HTTP/1.1,200,-,15970003,15970003,1789,98,https://www.ezlivinginteriors.co.uk/,"Mozilla/5.0 (iPhone; CPU iPhone OS 13_4_1 like Mac OS X) AppleWebKit/605.1.15 (KHTML, like Gecko) Version/13.1 Mobile/15E148 Safari/604.1",-,n4EaNAIbmZevQ0xjyecd817romjtJF6UUxGUuDzO8Q3jJiUay7ULHCUweaQdGJFgNH58cPJiRSA=,-,ECDHE-RSA-AES128-GCM-SHA256,-,s3-eu-west-1.amazonaws.com,TLSv1.2
2f0544e0e64958de8c656135fcdbad1af1b43808c0d0b974fc77f171694c558e,ez-living,[01/Jun/2020:09:03:17,+0000],207.46.13.72,-,D8DA73F5E5415D53,REST.GET.OBJECT,Primrose/PrimroseBlushPink.usdz,GET /ez-living/Primrose/PrimroseBlushPink.usdz HTTP/1.1,200,-,2823475,2823475,201,150,-,Mozilla/5.0 (compatible; bingbot/2.0; +http://www.bing.com/bingbot.htm),-,6nSnYujMYVpcd/C5mZs1xh8aIn0iwSJDZ0Pc3NpkGQDXy1NLk6GsC+QcqUGt/InxS54ZnXJcI30=,-,ECDHE-RSA-AES128-GCM-SHA256,-,s3.eu-west-1.amazonaws.com,TLSv1.2
2f0544e0e64958de8c656135fcdbad1af1b43808c0d0b974fc77f171694c558e,ez-living,[01/Jun/2020:09:56:22,+0000],46.229.168.161,-,A3EB632820A600C2,REST.GET.OBJECT,Anneka/EZLivingInteriors_-_AnnekaBlue.usdz,GET /ez-living/Anneka/EZLivingInteriors_-_AnnekaBlue.usdz HTTP/1.1,200,-,4180932,12544001,162,77,-,Mozilla/5.0 (compatible; SemrushBot/6~bl; +http://www.semrush.com/bot.html),-,HRi0qxp3a4XxWGiJKD25GidVAfWLoYVgRWQYWTXGUWwsCCCqOqVosqssG6v4z42DO29n9NlQBQ4=,-,ECDHE-RSA-AES128-GCM-SHA256,-,s3-eu-west-1.amazonaws.com,TLSv1.2
2f0544e0e64958de8c656135fcdbad1af1b43808c0d0b974fc77f171694c558e,ez-living,[01/Jun/2020:20:43:45,+0000],173.252.83.2,-,62B5CB1330005D12,REST.GET.OBJECT,Kendal/EZLivingInteriors_-_Kendal3SeaterBlue.usdz,GET /ez-living/Kendal/EZLivingInteriors_-_Kendal3SeaterBlue.usdz HTTP/1.1,206,-,524288,6367034,92,88,-,facebookexternalhit/1.1 (+http://www.facebook.com/externalhit_uatext.php),-,csaHbHNczhJD4HOtF5n7k/xH6lAdg7PiQ2jAX+xPcj2b2zfnjaZbjEwm1xGXyHpxeI1GwmSXYWM=,-,ECDHE-RSA-AES128-GCM-SHA256,-,s3-eu-west-1.amazonaws.com,TLSv1.2
2f0544e0e64958de8c656135fcdbad1af1b43808c0d0b974fc77f171694c558e,ez-living,[01/Jun/2020:10:50:32,+0000],54.175.118.73,arn:aws:sts::878630915641:assumed-role/S3statLogReaders/S3statLogDownload,30B09AFC33C53E2A,REST.GET.BUCKET,-,GET /?max-keys=1 HTTP/1.1,200,-,429,-,29,28,-,aws-sdk-dotnet-35/2.3.23.0 .NET Runtime/4.0 .NET Framework/4.0 OS/6.2.9200.0 ClientSync,-,h9kloB9dC9uypXr4mmVfmGCG0hipWhRdj7uHJiVbPMqCekIOC+2Ie7pAxPT+IZoQs9MORdjwX8k=,SigV4,ECDHE-RSA-AES128-SHA,AuthHeader,ez-living.s3-eu-west-1.amazonaws.com,TLSv1
2f0544e0e64958de8c656135fcdbad1af1b43808c0d0b974fc77f171694c558e,ez-living,[01/Jun/2020:13:51:37,+0000],167.172.255.43,-,88774F2C20612751,REST.GET.BUCKET,-,GET / HTTP/1.0,403,AccessDenied,243,-,7,-,-,Mozilla/5.0 (compatible; NetcraftSurveyAgent/1.0; +info@netcraft.com),-,GAdKHFFUVqnwISO0YQta4R+0pXKbqbI2H6+NWWMC3vWIYsw09qeSg+i3cSMgHSdkx1ZU48o8sl4=,-,-,-,ez-living.s3-eu-west-1.amazonaws.com,-
2f0544e0e64958de8c656135fcdbad1af1b43808c0d0b974fc77f171694c558e,ez-living,[01/Jun/2020:16:05:48,+0000],39.103.142.195,-,2576446F25DEE933,REST.HEAD.OBJECT,admindede888,HEAD /admindede888 HTTP/1.1,403,AccessDenied,243,-,13,-,-,-,-,52h1E94GIHS9Fzjc3U/aXMDn1AmX2F+PUqNOh7dB5edrtKOxOcA00lAl61OKi8V/2l4q/9DASpM=,-,-,-,ez-living.s3-eu-west-1.amazonaws.com,-
2f0544e0e64958de8c656135fcdbad1af1b43808c0d0b974fc77f171694c558e,ez-living,[01/Jun/2020:11:59:33,+0000],110.229.216.218,-,06B5F35522AF3D8A,REST.POST.OBJECT,index.php,POST /index.php HTTP/1.1,405,MethodNotAllowed,348,-,8,-,-,Mozilla/5.0 (Windows NT 10.0; WOW64; rv:48.0) Gecko/20100101 Firefox/48.0,-,3nmoWG0Zd+w4pDcUSDk10+7ua5jytOAKRUXb1Rmy/79FpOPmbrSY1iwO+F4bapRSD/q51+HdxeE=,-,-,-,ez-living.s3-eu-west-1.amazonaws.com,-
2f0544e0e64958de8c656135fcdbad1af1b43808c0d0b974fc77f171694c558e,ez-living,[01/Jun/2020:20:22:52,+0000],176.61.109.176,-,EF85E0109225C55E,REST.GET.OBJECT,Farrow/Farrow3Seater.usdz,GET /Farrow/Farrow3Seater.usdz HTTP/1.1,200,-,3352283,3352283,99,82,https://www.ezliving-interiors.ie/,"Mozilla/5.0 (iPhone; CPU iPhone OS 13_4_1 like Mac OS X) AppleWebKit/605.1.15 (KHTML, like Gecko) Version/13.1 Mobile/15E148 Safari/604.1",-,lLGWk0d2Ydb97RAaN0vuqVShK2YnaiUijGXZC4fQ0sPGZXp0C/K/la6Q2Bu7YRtpSnT02OrJ+ow=,-,ECDHE-RSA-AES128-GCM-SHA256,-,ez-living.s3-eu-west-1.amazonaws.com,TLSv1.2
2f0544e0e64958de8c656135fcdbad1af1b43808c0d0b974fc77f171694c558e,ez-living,[01/Jun/2020:22:10:56,+0000],78.17.79.28,-,5C53972FD70C41A1,REST.GET.OBJECT,Juno/EZLivingInteriors_-_JunoLeft.usdz,GET /ez-living/Juno/EZLivingInteriors_-_JunoLeft.usdz HTTP/1.1,200,-,19290476,19290476,1246,58,https://www.ezliving-interiors.ie/,"Mozilla/5.0 (iPhone; CPU iPhone OS 13_4_1 like Mac OS X) AppleWebKit/605.1.15 (KHTML, like Gecko) Version/13.1 Mobile/15E148 Safari/604.1",-,K4Qhqem9QuWJwFKFNJJM+lz4FidZc7X5L35QEzFhmoNu7R+ryLNX3jRr77+gGMan6EjvFjOw1Kc=,-,ECDHE-RSA-AES128-GCM-SHA256,-,s3-eu-west-1.amazonaws.com,TLSv1.2
2f0544e0e64958de8c656135fcdbad1af1b43808c0d0b974fc77f171694c558e,ez-living,[01/Jun/2020:22:24:59,+0000],173.252.95.120,-,0C1DC998EEF9479D,REST.GET.OBJECT,Scott/EZLivingInteriors-Scott3Leather.usdz,GET /ez-living/Scott/EZLivingInteriors-Scott3Leather.usdz HTTP/1.1,200,-,7684059,7684059,239,64,-,facebookexternalhit/1.1 (+http://www.facebook.com/externalhit_uatext.php),-,4CiJPTXzzoDSG+j+hGA7M9qevCDlUAk+dz9EWdzdzYW2kv4mal/twRTAbGR5TfC+x2626ERpYzw=,-,ECDHE-RSA-AES128-GCM-SHA256,-,s3-eu-west-1.amazonaws.com,TLSv1.2
2f0544e0e64958de8c656135fcdbad1af1b43808c0d0b974fc77f171694c558e,ez-living,[01/Jun/2020:20:11:51,+0000],118.190.53.55,-,408DE2FAAD236E8E,REST.GET.OBJECT,index.php,GET /index.php?m=admin&c=index&a=login&dosubmit=1 HTTP/1.1,403,AccessDenied,243,-,14,-,-,Mozilla/5.0 (Windows NT 10.0; WOW64; rv:48.0) Gecko/20100101 Firefox/48.0,-,Ch1nbfHPaJPZLfxFsa+s7+hFD4ol7pnvjM540dEl4AC2rAznWiPGCXappwv/C3COx4WIqQwML88=,-,-,-,ez-living.s3-eu-west-1.amazonaws.com,-
2f0544e0e64958de8c656135fcdbad1af1b43808c0d0b974fc77f171694c558e,ez-living,[01/Jun/2020:14:18:07,+0000],39.103.142.195,-,FA7EDCAFAB07CD39,REST.GET.OBJECT,css/album.css,GET /css/album.css HTTP/1.1,403,AccessDenied,243,-,16,-,-,Mozilla/5.0 (Windows NT 10.0; WOW64; rv:48.0) Gecko/20100101 Firefox/48.0,-,paHxjYoeA1U1SaenipDgHr0JCS/iv/98HX1Sr/TJgYphV/u0C8LzVjlbaiUr7q8qGo4e47f+5mU=,-,-,-,ez-living.s3-eu-west-1.amazonaws.com,-
2f0544e0e64958de8c656135fcdbad1af1b43808c0d0b974fc77f171694c558e,ez-living,[01/Jun/2020:11:31:05,+0000],31.13.127.112,-,25BB1BD79480F12F,REST.GET.OBJECT,Marlow/MarlowVelvetNavy.usdz,GET /Marlow/MarlowVelvetNavy.usdz HTTP/1.1,206,-,524288,3074032,63,60,-,facebookexternalhit/1.1 (+http://www.facebook.com/externalhit_uatext.php),-,VojMW9cMZfsMcEjrUulz/OvkieuchLnrg/DQOKnE5eDr4IflBmtmKfKc0FjtYiQ4YnSsID9RSQk=,-,ECDHE-RSA-AES128-GCM-SHA256,-,ez-living.s3-eu-west-1.amazonaws.com,TLSv1.2
2f0544e0e64958de8c656135fcdbad1af1b43808c0d0b974fc77f171694c558e,ez-living,[01/Jun/2020:10:50:31,+0000],54.175.118.73,-,2D83BC18B09C24A6,REST.GET.BUCKET,-,GET /?max-keys=1 HTTP/1.1,400,AuthorizationHeaderMalformed,365,-,51,-,-,aws-sdk-dotnet-35/2.3.23.0 .NET Runtime/4.0 .NET Framework/4.0 OS/6.2.9200.0 ClientSync,-,FBCzfLRob0olRldlExQaWHIjF+GNPTMRvghUFBmnOByThKK2NvkxfLLj1CHWQkYi7SONAdER8oI=,SigV4,ECDHE-RSA-AES128-SHA,AuthHeader,ez-living.s3.amazonaws.com,TLSv1
2f0544e0e64958de8c656135fcdbad1af1b43808c0d0b974fc77f171694c558e,ez-living,[01/Jun/2020:04:45:44,+0000],46.229.168.138,-,BAC28CDD5E7390D0,REST.GET.OBJECT,Anneka/EZLivingInteriors_-_AnnekaGreen.usdz,GET /ez-living/Anneka/EZLivingInteriors_-_AnnekaGreen.usdz HTTP/1.1,200,-,4313660,11870403,199,79,-,Mozilla/5.0 (compatible; SemrushBot/6~bl; +http://www.semrush.com/bot.html),-,y2eWBexcBZ6/bL8YcwvxjjbfeoPpukuddsyhnBgXRNAgONDdFXX48WHR1h7hiZvnmAsZvTWXN7g=,-,ECDHE-RSA-AES128-GCM-SHA256,-,s3-eu-west-1.amazonaws.com,TLSv1.2
2f0544e0e64958de8c656135fcdbad1af1b43808c0d0b974fc77f171694c558e,ez-living,[01/Jun/2020:20:43:45,+0000],173.252.83.24,-,0CEF5097D153DB05,REST.GET.OBJECT,Natty/EZLivingInteriors_-_NattySofa.usdz,GET /ez-living/Natty/EZLivingInteriors_-_NattySofa.usdz HTTP/1.1,206,-,524288,13549078,82,79,-,facebookexternalhit/1.1 (+http://www.facebook.com/externalhit_uatext.php),-,idf97KVZaW/Mp7KfszFMj0lTwj7JrRnXtlu69sLoSnXX6mGzYz/sEE7Kzf3StrhbmDSKQGVciZI=,-,ECDHE-RSA-AES128-GCM-SHA256,-,s3-eu-west-1.amazonaws.com,TLSv1.2
2f0544e0e64958de8c656135fcdbad1af1b43808c0d0b974fc77f171694c558e,ez-living,[01/Jun/2020:11:57:14,+0000],51.171.196.240,-,E6597685722DA0EB,REST.GET.OBJECT,Calia/EZLivingInteriors_-_CaliaWritingDesk.usdz,GET /ez-living/Calia/EZLivingInteriors_-_CaliaWritingDesk.usdz HTTP/1.1,200,-,6991224,6991224,146,88,https://www.ezliving-interiors.ie/,"Mozilla/5.0 (iPhone; CPU iPhone OS 13_4_1 like Mac OS X) AppleWebKit/605.1.15 (KHTML, like Gecko) Version/13.1 Mobile/15E148 Safari/604.1",-,28iPd2JqqHkOYZhUHpkJ8ndt+ClGf9u8JARkYOxDKZU8GUdyxJ+oXRB5NRaf+aExCxc92PGf6RU=,-,ECDHE-RSA-AES128-GCM-SHA256,-,s3-eu-west-1.amazonaws.com,TLSv1.2
2f0544e0e64958de8c656135fcdbad1af1b43808c0d0b974fc77f171694c558e,ez-living,[01/Jun/2020:10:29:48,+0000],31.13.103.120,-,01AA028E0F5E4E5A,REST.GET.OBJECT,Scott/EZLivingInteriors-Scott3Leather.usdz,GET /ez-living/Scott/EZLivingInteriors-Scott3Leather.usdz HTTP/1.1,206,-,524288,7684059,88,85,-,facebookexternalhit/1.1 (+http://www.facebook.com/externalhit_uatext.php),-,dv2FHr/hks8FXtsZ74TwFeFrZFdvqLGf+qu5VBD+ukuWY5H0XJiUa/4jyso9/+O+7ujfpWATRes=,-,ECDHE-RSA-AES128-GCM-SHA256,-,s3-eu-west-1.amazonaws.com,TLSv1.2
2f0544e0e64958de8c656135fcdbad1af1b43808c0d0b974fc77f171694c558e,ez-living,[01/Jun/2020:18:26:59,+0000],78.17.61.42,-,6D57599429E4D86D,REST.GET.OBJECT,Cheltenham/EZLivingInteriors-CheltanhamTripleWardrobe.usdz,GET /ez-living/Cheltenham/EZLivingInteriors-CheltanhamTripleWardrobe.usdz HTTP/1.1,200,-,2031798,2031798,53,49,https://www.ezliving-interiors.ie/,"Mozilla/5.0 (iPhone; CPU iPhone OS 13_3_1 like Mac OS X) AppleWebKit/605.1.15 (KHTML, like Gecko) Version/13.0.5 Mobile/15E148 Safari/604.1",-,wcUsrNg1vSGKtrrovZCkeLwbXICYPe1gwR1RBkJ/QxUEzG8Yxb1nSUjm61f7l7fjZ5TgofOKvOM=,-,ECDHE-RSA-AES128-GCM-SHA256,-,s3-eu-west-1.amazonaws.com,TLSv1.2
2f0544e0e64958de8c656135fcdbad1af1b43808c0d0b974fc77f171694c558e,ez-living,[01/Jun/2020:10:29:32,+0000],54.164.181.5,-,65EE75F477581CF6,REST.GET.BUCKET,-,GET /?max-keys=1 HTTP/1.1,301,PermanentRedirect,455,-,1,-,-,aws-sdk-dotnet-35/2.3.23.0 .NET Runtime/4.0 .NET Framework/4.0 OS/6.2.9200.0 ClientSync,-,gIl0zUGLFvkugw4wXYI6WDfLzJcFS56Lmpts5R/ihOTYsJWevL1jqwQZGBj0q8gZXAgullAZ0rw=,-,ECDHE-RSA-AES128-SHA,-,ez-living.s3-us-west-1.amazonaws.com,TLSv1
2f0544e0e64958de8c656135fcdbad1af1b43808c0d0b974fc77f171694c558e,ez-living,[01/Jun/2020:20:43:45,+0000],173.252.83.4,-,0D462B791A05FA83,REST.GET.OBJECT,Waldorf/EZLivingInteriors-WaldorfChair.usdz,GET /ez-living/Waldorf/EZLivingInteriors-WaldorfChair.usdz HTTP/1.1,206,-,524288,7406346,90,86,-,facebookexternalhit/1.1 (+http://www.facebook.com/externalhit_uatext.php),-,sXLxC+VtDpgqiC17MODHDHthwUJIrPWWJ8wfjM2KrVU+iD1g+kmn6ByRmtnwNkuc/mgVEFIolOk=,-,ECDHE-RSA-AES128-GCM-SHA256,-,s3-eu-west-1.amazonaws.com,TLSv1.2
2f0544e0e64958de8c656135fcdbad1af1b43808c0d0b974fc77f171694c558e,ez-living,[01/Jun/2020:19:49:41,+0000],81.105.8.24,-,3D59A78B1A449913,REST.GET.OBJECT,Kendal/EZLivingInteriors_-_Kendal3SeaterBlue.usdz,GET /ez-living/Kendal/EZLivingInteriors_-_Kendal3SeaterBlue.usdz HTTP/1.1,200,-,6367034,6367034,171,110,https://www.ezlivinginteriors.co.uk/,"Mozilla/5.0 (iPhone; CPU iPhone OS 13_4_1 like Mac OS X) AppleWebKit/605.1.15 (KHTML, like Gecko) Version/13.1 Mobile/15E148 Safari/604.1",-,WD2M3K6GxMLnWked8OdLmdipxTw7EN6c0wHcHqzVNPhYpJBzKIQL3iP4U4ijtYXdtArWSATc1cI=,-,ECDHE-RSA-AES128-GCM-SHA256,-,s3-eu-west-1.amazonaws.com,TLSv1.2
2f0544e0e64958de8c656135fcdbad1af1b43808c0d0b974fc77f171694c558e,ez-living,[01/Jun/2020:19:17:56,+0000],37.228.245.224,-,24855F4C4D27DAD1,REST.GET.OBJECT,Loire/LoireDisplayUnitCharcoal.usdz,GET /Loire/LoireDisplayUnitCharcoal.usdz HTTP/1.1,200,-,1838732,1838732,70,67,https://www.ezliving-interiors.ie/,"Mozilla/5.0 (iPhone; CPU iPhone OS 13_4_1 like Mac OS X) AppleWebKit/605.1.15 (KHTML, like Gecko) Version/13.1 Mobile/15E148 Safari/604.1",-,w/Tha6otCK1uKUYuiY24n1G5eUIJ1qSzdCQQsyOXhlOVsY9OWA8xYoPtKTRXuaY/15x+SHZApVM=,-,ECDHE-RSA-AES128-GCM-SHA256,-,ez-living.s3-eu-west-1.amazonaws.com,TLSv1.2
2f0544e0e64958de8c656135fcdbad1af1b43808c0d0b974fc77f171694c558e,ez-living,[01/Jun/2020:01:57:37,+0000],86.45.85.175,-,0C59783237F12986,REST.GET.OBJECT,Kendal/EZLivingInteriors_-_Kendal2SeaterGrey.usdz,GET /ez-living/Kendal/EZLivingInteriors_-_Kendal2SeaterGrey.usdz HTTP/1.1,200,-,19283204,19283204,8003,68,https://www.ezliving-interiors.ie/,"Mozilla/5.0 (iPad; CPU OS 12_2 like Mac OS X) AppleWebKit/605.1.15 (KHTML, like Gecko) Version/12.1 Mobile/15E148 Safari/604.1",-,HGPX+mpYeWA515WdJKsTP7qE3go6IEmX2d6b1Ys/09/lagWCB01K6u5Ek6qW0RbWmbpZEvNw4vI=,-,ECDHE-RSA-AES128-GCM-SHA256,-,s3-eu-west-1.amazonaws.com,TLSv1.2
2f0544e0e64958de8c656135fcdbad1af1b43808c0d0b974fc77f171694c558e,ez-living,[01/Jun/2020:21:25:59,+0000],78.19.170.42,-,78FE62FCA680F2B6,REST.GET.OBJECT,Inspire/EZLivingInteriors_-_InspireRightLightGrey.usdz,GET /ez-living/Inspire/EZLivingInteriors_-_InspireRightLightGrey.usdz HTTP/1.1,200,-,11705029,11705029,849,79,https://www.ezliving-interiors.ie/,"Mozilla/5.0 (iPhone; CPU iPhone OS 13_4_1 like Mac OS X) AppleWebKit/605.1.15 (KHTML, like Gecko) Version/13.1 Mobile/15E148 Safari/604.1",-,wlOhqqbxZHwFTQV24R1511PyvX7ASuZEkva1XrvsimdyBqQ1jTCuzaJ6I52hmbbwrEIu16u4ABk=,-,ECDHE-RSA-AES128-GCM-SHA256,-,s3-eu-west-1.amazonaws.com,TLSv1.2
2f0544e0e64958de8c656135fcdbad1af1b43808c0d0b974fc77f171694c558e,ez-living,[01/Jun/2020:21:37:27,+0000],31.13.103.6,-,F3D457E48AF5329E,REST.GET.OBJECT,Marlow/MarlowVelvetGreen.usdz,GET /Marlow/MarlowVelvetGreen.usdz HTTP/1.1,200,-,3065265,3065265,61,39,-,facebookexternalhit/1.1 (+http://www.facebook.com/externalhit_uatext.php),-,b8xtfFQCXBhh9+BGiEPCq3OqiohU0bbNKQv4Fv8vaWrMIP7L04FwRWX174hFr8Lq8UA2+FZ7rQg=,-,ECDHE-RSA-AES128-GCM-SHA256,-,ez-living.s3-eu-west-1.amazonaws.com,TLSv1.2
2f0544e0e64958de8c656135fcdbad1af1b43808c0d0b974fc77f171694c558e,ez-living,[01/Jun/2020:11:31:05,+0000],31.13.127.19,-,22788E7C4CF4C855,REST.GET.OBJECT,Marlow/MarlowVelvetGreen.usdz,GET /Marlow/MarlowVelvetGreen.usdz HTTP/1.1,206,-,524288,3065265,80,76,-,facebookexternalhit/1.1 (+http://www.facebook.com/externalhit_uatext.php),-,IZ3U7S3x7+Et/LKW4o2dZD0cWmrDbC7y0kTVmUJejoz/d/BJ5pMXKmi2sVpxD81q/vcK3opI86A=,-,ECDHE-RSA-AES128-GCM-SHA256,-,ez-living.s3-eu-west-1.amazonaws.com,TLSv1.2
2f0544e0e64958de8c656135fcdbad1af1b43808c0d0b974fc77f171694c558e,ez-living,[01/Jun/2020:07:55:36,+0000],95.45.145.90,-,447B66C5F6065BDF,REST.GET.OBJECT,Emily/Emily4Bed.usdz,GET /Emily/Emily4Bed.usdz HTTP/1.1,200,-,4708301,4708301,117,87,https://www.ezliving-interiors.ie/,"Mozilla/5.0 (iPhone; CPU iPhone OS 13_4_1 like Mac OS X) AppleWebKit/605.1.15 (KHTML, like Gecko) Version/13.1 Mobile/15E148 Safari/604.1",-,bntwQoZgEZWJy34995eO7PkHC6+Obl0J38XppRLnDpZVAwdJeyHy1N7EwH+hh9uW6CHM5MX50c4=,-,ECDHE-RSA-AES128-GCM-SHA256,-,ez-living.s3-eu-west-1.amazonaws.com,TLSv1.2
2f0544e0e64958de8c656135fcdbad1af1b43808c0d0b974fc77f171694c558e,ez-living,[01/Jun/2020:16:50:10,+0000],218.93.105.32,-,3E25D6749AECB757,REST.GET.OBJECT,install/index.php.bak,GET /install/index.php.bak?step=11&insLockfile=x&s_lang=x&install_demo_name=../data/admin/config_update.php HTTP/1.1,403,AccessDenied,243,-,23,-,-,python-requests/2.23.0,-,bo4M60lY3omTmB8AP+E/seSRT2v3HpZ9Nx10nHBzpF9NWo5aWnwIU6RTh2WvjyOGAHd2WPm7f7o=,-,-,-,ez-living.s3-eu-west-1.amazonaws.com,-
2f0544e0e64958de8c656135fcdbad1af1b43808c0d0b974fc77f171694c558e,ez-living,[01/Jun/2020:21:26:17,+0000],31.13.103.120,-,A427BA7D53C4A3A2,REST.GET.OBJECT,Waldorf/EZLivingInteriors-Waldorf3Seater.usdz,GET /ez-living/Waldorf/EZLivingInteriors-Waldorf3Seater.usdz HTTP/1.1,206,-,524288,7342582,76,72,-,facebookexternalhit/1.1 (+http://www.facebook.com/externalhit_uatext.php),-,zZHDZc/5Zt3dXBdxjB3vuA9aXCX2it+TRNBM3WY3DwWLMpG59xeiHeo2Zh5jrd7aVeDTZkL+yOw=,-,ECDHE-RSA-AES128-GCM-SHA256,-,s3-eu-west-1.amazonaws.com,TLSv1.2
2f0544e0e64958de8c656135fcdbad1af1b43808c0d0b974fc77f171694c558e,ez-living,[01/Jun/2020:20:52:38,+0000],140.255.62.156,-,1D90AD3E474695CB,REST.GET.OBJECT,Farrow/EZ...,GET /ez-living/Farrow/EZ... HTTP/1.1,403,AccessDenied,243,-,16,-,-,Mozilla/4.0 (compatible; MSIE 8.0; Windows NT 6.1; Trident/4.0),-,tI31uZTaRFTzlpcfvrw/i0p5e+reeOIQ/Ma9dDsJ2zHqW71wTh/J/7+YjqBmX4Ngj0CW7BuxMNQ=,-,ECDHE-RSA-AES128-SHA,-,s3-eu-west-1.amazonaws.com,TLSv1.2
2f0544e0e64958de8c656135fcdbad1af1b43808c0d0b974fc77f171694c558e,ez-living,[01/Jun/2020:11:31:05,+0000],31.13.127.112,-,68E1C6F88E2C2ED8,REST.GET.OBJECT,Marlow/MarlowVelvetCharcoal.usdz,GET /Marlow/MarlowVelvetCharcoal.usdz HTTP/1.1,206,-,524288,3072372,65,60,-,facebookexternalhit/1.1 (+http://www.facebook.com/externalhit_uatext.php),-,ZiCU8ZdCm0iwI178r81gMGELZ/iktGnpYVsY2xxrlzKhFapna2887MrruJRLr2TLT+qEcoC196A=,-,ECDHE-RSA-AES128-GCM-SHA256,-,ez-living.s3-eu-west-1.amazonaws.com,TLSv1.2
2f0544e0e64958de8c656135fcdbad1af1b43808c0d0b974fc77f171694c558e,ez-living,[01/Jun/2020:12:08:13,+0000],213.233.147.149,-,6CC9AC16D71F5700,REST.GET.OBJECT,Eminence/EminenceCeramicStoneSingleOpen.usdz,GET /Eminence/EminenceCeramicStoneSingleOpen.usdz HTTP/1.1,200,-,1297704,1297704,70,67,https://www.ezliving-interiors.ie/,"Mozilla/5.0 (iPhone; CPU iPhone OS 13_4_1 like Mac OS X) AppleWebKit/605.1.15 (KHTML, like Gecko) Version/13.1 Mobile/15E148 Safari/604.1",-,cIcsqRHD/dKwsMRoDWwJCsPfIuTW9qdquVtIfZEa4XuuGhHdHAyS1HfezLzhuRLjx1Og0TKNcqo=,-,ECDHE-RSA-AES128-GCM-SHA256,-,ez-living.s3-eu-west-1.amazonaws.com,TLSv1.2
2f0544e0e64958de8c656135fcdbad1af1b43808c0d0b974fc77f171694c558e,ez-living,[01/Jun/2020:00:01:20,+0000],31.13.127.2,-,B73BC304E745FD4D,REST.GET.OBJECT,Juno/EZLivingInteriors_-_JunoRight.usdz,GET /ez-living/Juno/EZLivingInteriors_-_JunoRight.usdz HTTP/1.1,200,-,19286125,19286125,390,46,-,facebookexternalhit/1.1 (+http://www.facebook.com/externalhit_uatext.php),-,Y9VseT1mONYDxq2S/OPrIW9mFWL5QdBo0YO4PhrjcFNMm5BRWK5vUY3M0/KrPDnmD1GDdEZNjeM=,-,ECDHE-RSA-AES128-GCM-SHA256,-,s3-eu-west-1.amazonaws.com,TLSv1.2
2f0544e0e64958de8c656135fcdbad1af1b43808c0d0b974fc77f171694c558e,ez-living,[01/Jun/2020:16:05:47,+0000],39.103.142.195,-,01066EF3B3D6D1E2,REST.HEAD.OBJECT,admin123/login.php,HEAD /admin123/login.php HTTP/1.1,403,AccessDenied,243,-,12,-,-,-,-,uejrMIFnJRFXIcfRdpU0Du5vfLOUD0EAUg4vrMgQR9d6qT0EoB+dPAHaRm2uLf8r0SxX8pjbvMo=,-,-,-,ez-living.s3-eu-west-1.amazonaws.com,-
2f0544e0e64958de8c656135fcdbad1af1b43808c0d0b974fc77f171694c558e,ez-living,[01/Jun/2020:20:51:05,+0000],51.171.6.147,-,7634F9355D801448,REST.GET.OBJECT,Loire/LoireOvalTableOpen.usdz,GET /Loire/LoireOvalTableOpen.usdz HTTP/1.1,200,-,3164035,3164035,177,87,https://www.ezliving-interiors.ie/loire-grey-oval-extending-dining-table,"Mozilla/5.0 (iPhone; CPU iPhone OS 12_4_1 like Mac OS X) AppleWebKit/605.1.15 (KHTML, like Gecko) Version/12.1.2 Mobile/15E148 Safari/604.1",-,8TiqhSRD1Ubk/JcCG7WpCGX02KLY8Qke5CZY9sfj8PFfLR8Nfl136Gfzyo6JomUd5vOg0UBLMA4=,-,ECDHE-RSA-AES128-GCM-SHA256,-,ez-living.s3-eu-west-1.amazonaws.com,TLSv1.2
2f0544e0e64958de8c656135fcdbad1af1b43808c0d0b974fc77f171694c558e,ez-living,[01/Jun/2020:10:29:32,+0000],54.164.181.5,-,CEC2D2D93C1E1E26,REST.GET.LOCATION,-,GET /?location HTTP/1.1,400,AuthorizationHeaderMalformed,365,-,2,-,-,aws-sdk-dotnet-35/2.3.23.0 .NET Runtime/4.0 .NET Framework/4.0 OS/6.2.9200.0 ClientSync,-,4EJCYnyZ3KKnBtBAxFKyEnsAjMiSZGpYW//Sa28Z3sYn6nAF8rfCExp482/AcVavuN982UiUt2o=,SigV4,ECDHE-RSA-AES128-SHA,AuthHeader,ez-living.s3.amazonaws.com,TLSv1
2f0544e0e64958de8c656135fcdbad1af1b43808c0d0b974fc77f171694c558e,ez-living,[01/Jun/2020:18:33:27,+0000],37.228.227.101,-,422B52CB61727830,REST.GET.OBJECT,Kendal/EZLivingInteriors_-_KendalArmchairBlue.usdz,GET /ez-living/Kendal/EZLivingInteriors_-_KendalArmchairBlue.usdz HTTP/1.1,200,-,5289013,5289013,135,86,https://www.ezliving-interiors.ie/,"Mozilla/5.0 (iPhone; CPU iPhone OS 13_4_1 like Mac OS X) AppleWebKit/605.1.15 (KHTML, like Gecko) Version/13.1 Mobile/15E148 Safari/604.1",-,vJD2EJBSOMRHPQnbQwKpmuQXcym5dvcprwjpMIQBaevwULPiiA7TI4s2CAMmlRzq/74/LcvtDXw=,-,ECDHE-RSA-AES128-GCM-SHA256,-,s3-eu-west-1.amazonaws.com,TLSv1.2
2f0544e0e64958de8c656135fcdbad1af1b43808c0d0b974fc77f171694c558e,ez-living,[01/Jun/2020:11:58:19,+0000],31.13.127.6,-,6BA62BA071866042,REST.GET.OBJECT,Juno/EZLivingInteriors_-_JunoRight.usdz,GET /ez-living/Juno/EZLivingInteriors_-_JunoRight.usdz HTTP/1.1,206,-,524288,19286125,73,70,-,facebookexternalhit/1.1 (+http://www.facebook.com/externalhit_uatext.php),-,+IheYQopKc3qp5QWoYZ7+mCd6zNkfQH5G6tXK0BRhj4np07q2UCdFEgV2n6RF0atUzOBx/ekY0w=,-,ECDHE-RSA-AES128-GCM-SHA256,-,s3-eu-west-1.amazonaws.com,TLSv1.2
2f0544e0e64958de8c656135fcdbad1af1b43808c0d0b974fc77f171694c558e,ez-living,[01/Jun/2020:20:06:33,+0000],115.234.106.65,-,AB8CF5F81738B8FD,REST.GET.OBJECT,Primrose/EZ...,GET /Primrose/EZ... HTTP/1.1,403,AccessDenied,243,-,11,-,-,Mozilla/4.0 (compatible; MSIE 8.0; Windows NT 6.1; Trident/4.0),-,/YuyDdsEA7ueBwl7JL7FuWY9v0vbEM6XOVjGUzQozjHs0rSmgBmVYLWHls1+civyLwTFh8kJvM0=,-,ECDHE-RSA-AES128-SHA,-,ez-living.s3-eu-west-1.amazonaws.com,TLSv1.2
2f0544e0e64958de8c656135fcdbad1af1b43808c0d0b974fc77f171694c558e,ez-living,[01/Jun/2020:16:05:47,+0000],39.103.142.195,-,5DA5DF26EBD0F228,REST.HEAD.OBJECT,admin/login.php,HEAD /admin/login.php HTTP/1.1,403,AccessDenied,243,-,16,-,-,-,-,IFaWK2OJ7TjdjUsAn5L+pM1MYzSlaHfNSd8NRxBZzFVGTUNVIJzNYign0/jSifXANqTogj9650E=,-,-,-,ez-living.s3-eu-west-1.amazonaws.com,-
2f0544e0e64958de8c656135fcdbad1af1b43808c0d0b974fc77f171694c558e,ez-living,[01/Jun/2020:20:43:45,+0000],173.252.83.17,-,F24C4F459BE8B1A6,REST.GET.OBJECT,Kendal/EZLivingInteriors_-_KendalArmchairGrey.usdz,GET /ez-living/Kendal/EZLivingInteriors_-_KendalArmchairGrey.usdz HTTP/1.1,206,-,524288,7786485,76,73,-,facebookexternalhit/1.1 (+http://www.facebook.com/externalhit_uatext.php),-,6kKinGwd4TOHlo2RV4TFtQCdPDsgFP24OGsYevubfvIMuJoMtCf0RIXrBTGG9R8QYfirRJWBpjw=,-,ECDHE-RSA-AES128-GCM-SHA256,-,s3-eu-west-1.amazonaws.com,TLSv1.2
2f0544e0e64958de8c656135fcdbad1af1b43808c0d0b974fc77f171694c558e,ez-living,[01/Jun/2020:16:05:47,+0000],39.103.142.195,-,D74CF89ED412E043,REST.HEAD.OBJECT,adminlogin/login.php,HEAD /adminlogin/login.php HTTP/1.1,403,AccessDenied,243,-,11,-,-,-,-,pivTOW8laVCRO0Pivi3FLWYJ6MfUNSBSkQqYPDDjX2LpCVilUul41mfj1uloxLnH+fP104Msd6s=,-,-,-,ez-living.s3-eu-west-1.amazonaws.com,-
2f0544e0e64958de8c656135fcdbad1af1b43808c0d0b974fc77f171694c558e,ez-living,[01/Jun/2020:16:05:47,+0000],39.103.142.195,-,F4ED2CDD053F54B6,REST.HEAD.OBJECT,manager/login.php,HEAD /manager/login.php HTTP/1.1,403,AccessDenied,243,-,7,-,-,-,-,6cpNWoSMDMI9Xqkf7KIdik+Pc3YrtNj3P7C91YqCWI6E6GblKGFPKpi8FEbU1w+nO4n9/PRSFgc=,-,-,-,ez-living.s3-eu-west-1.amazonaws.com,-
2f0544e0e64958de8c656135fcdbad1af1b43808c0d0b974fc77f171694c558e,ez-living,[01/Jun/2020:16:05:48,+0000],39.103.142.195,-,9858F8C660AD1995,REST.HEAD.OBJECT,haian360/login.php,HEAD /haian360/login.php HTTP/1.1,403,AccessDenied,243,-,7,-,-,-,-,4V5LwAR1o3munhBueKkORFbqawlOVOkm7zh+vxNvUifqjjbH0QccM4nL/gQj5ZVnteoDCyHoQkg=,-,-,-,ez-living.s3-eu-west-1.amazonaws.com,-
2f0544e0e64958de8c656135fcdbad1af1b43808c0d0b974fc77f171694c558e,ez-living,[01/Jun/2020:21:40:12,+0000],109.79.86.177,-,D8C3BB4D78DF8D8B,REST.GET.OBJECT,Charm/EZLivingInteriors-CharmCuddlerArmchair.usdz,GET /ez-living/Charm/EZLivingInteriors-CharmCuddlerArmchair.usdz HTTP/1.1,200,-,15970003,15970003,9470,78,https://www.ezliving-interiors.ie/,"Mozilla/5.0 (iPhone; CPU iPhone OS 13_4_1 like Mac OS X) AppleWebKit/605.1.15 (KHTML, like Gecko) Version/13.1 Mobile/15E148 Safari/604.1",-,PbVCCnnWi5GU/qF6D9ViHEGcHrw6qnmT3lxMB11IeTbIueTc6vyJPD56wVlDejQsOq7IRTQBq+8=,-,ECDHE-RSA-AES128-GCM-SHA256,-,s3-eu-west-1.amazonaws.com,TLSv1.2
2f0544e0e64958de8c656135fcdbad1af1b43808c0d0b974fc77f171694c558e,ez-living,[01/Jun/2020:21:37:27,+0000],31.13.103.20,-,E194A98A299E0053,REST.GET.OBJECT,Marlow/MarlowVelvetNavy.usdz,GET /Marlow/MarlowVelvetNavy.usdz HTTP/1.1,200,-,3074032,3074032,89,58,-,facebookexternalhit/1.1 (+http://www.facebook.com/externalhit_uatext.php),-,P8c4sZFy75kvfpmMmpbIjej3pdQL0F/EE7iLND9qBjpstx13FO9GuAoRM8vsmFfSMVjaPCR7CH0=,-,ECDHE-RSA-AES128-GCM-SHA256,-,ez-living.s3-eu-west-1.amazonaws.com,TLSv1.2
2f0544e0e64958de8c656135fcdbad1af1b43808c0d0b974fc77f171694c558e,ez-living,[01/Jun/2020:19:02:29,+0000],37.228.245.224,-,1A692048213CD419,REST.GET.OBJECT,Loire/LoireBookcase.usdz,GET /Loire/LoireBookcase.usdz HTTP/1.1,200,-,1946234,1946234,53,48,https://www.ezliving-interiors.ie/,"Mozilla/5.0 (iPhone; CPU iPhone OS 13_4_1 like Mac OS X) AppleWebKit/605.1.15 (KHTML, like Gecko) Version/13.1 Mobile/15E148 Safari/604.1",-,IiXLgmwypqFr/TJxc3eox0jgTzk/Fe92q0+D3MvR5ffERgyi+jVzWIdLU1CI2fMzAZR+53Xg3nw=,-,ECDHE-RSA-AES128-GCM-SHA256,-,ez-living.s3-eu-west-1.amazonaws.com,TLSv1.2
2f0544e0e64958de8c656135fcdbad1af1b43808c0d0b974fc77f171694c558e,ez-living,[01/Jun/2020:18:30:41,+0000],78.17.61.42,-,B0F99F55DADE8B30,REST.GET.OBJECT,Cheltenham/EZLivingInteriors-CheltenhamBedsideLocker.usdz,GET /ez-living/Cheltenham/EZLivingInteriors-CheltenhamBedsideLocker.usdz HTTP/1.1,200,-,1931125,1931125,92,87,https://www.ezliving-interiors.ie/,"Mozilla/5.0 (iPhone; CPU iPhone OS 13_3_1 like Mac OS X) AppleWebKit/605.1.15 (KHTML, like Gecko) Version/13.0.5 Mobile/15E148 Safari/604.1",-,Rj3Cz28VHk7q0pqI8X1FNyfISayRFUO5YF/8q0TGRlkCV83zpOFwlU3+GUVz3m+OkcZ7haxdzdw=,-,ECDHE-RSA-AES128-GCM-SHA256,-,s3-eu-west-1.amazonaws.com,TLSv1.2
2f0544e0e64958de8c656135fcdbad1af1b43808c0d0b974fc77f171694c558e,ez-living,[01/Jun/2020:20:43:49,+0000],173.252.83.4,-,7EBD8F0DB0AA5F7A,REST.GET.OBJECT,Kendal/EZLivingInteriors_-_Kendal3SeaterGrey.usdz,GET /ez-living/Kendal/EZLivingInteriors_-_Kendal3SeaterGrey.usdz HTTP/1.1,200,-,10214778,10214778,5823,52,-,facebookexternalhit/1.1 (+http://www.facebook.com/externalhit_uatext.php),-,PgTyx/PIa+63ngMOdWhJkkd2I27WfePFndFwKCw5zVgygv7xyK6dqLi38+hEwHWfii3kjSU2bsg=,-,ECDHE-RSA-AES128-GCM-SHA256,-,s3-eu-west-1.amazonaws.com,TLSv1.2
2f0544e0e64958de8c656135fcdbad1af1b43808c0d0b974fc77f171694c558e,ez-living,[01/Jun/2020:20:43:49,+0000],173.252.83.118,-,2713D5C46CE1C0EE,REST.GET.OBJECT,Waldorf/EZLivingInteriors-Waldorf3Seater.usdz,GET /ez-living/Waldorf/EZLivingInteriors-Waldorf3Seater.usdz HTTP/1.1,200,-,7342582,7342582,160,56,-,facebookexternalhit/1.1 (+http://www.facebook.com/externalhit_uatext.php),-,t2dSUrUHcD2VltJWdeopdVYd1eaGDVNVYNBi+0XofuIzJQcMjTpIpJsKhPZt52F1Btzczie1TIQ=,-,ECDHE-RSA-AES128-GCM-SHA256,-,s3-eu-west-1.amazonaws.com,TLSv1.2
2f0544e0e64958de8c656135fcdbad1af1b43808c0d0b974fc77f171694c558e,ez-living,[01/Jun/2020:08:51:07,+0000],80.233.43.245,-,3EDE9B3CD60391DF,REST.GET.OBJECT,Sandy/SandyGrey.usdz,GET /Sandy/SandyGrey.usdz HTTP/1.1,200,-,1609956,1609956,84,80,https://www.ezliving-interiors.ie/,"Mozilla/5.0 (iPhone; CPU iPhone OS 13_3_1 like Mac OS X) AppleWebKit/605.1.15 (KHTML, like Gecko) Version/13.0.5 Mobile/15E148 Safari/604.1",-,YdR7m4R02MHEQyhFWG1gu75wcixrYf1lgd9yar4YkbymGZphLBFiH7GF70W+7GoDs23MeXFZrRw=,-,ECDHE-RSA-AES128-GCM-SHA256,-,ez-living.s3-eu-west-1.amazonaws.com,TLSv1.2
2f0544e0e64958de8c656135fcdbad1af1b43808c0d0b974fc77f171694c558e,ez-living,[01/Jun/2020:19:18:56,+0000],114.119.161.250,-,B05704A086221FAB,REST.GET.OBJECT,robots.txt,GET /robots.txt HTTP/1.1,403,AccessDenied,243,-,11,-,-,"Mozilla/5.0 (Linux; Android 7.0;) AppleWebKit/537.36 (KHTML, like Gecko) Mobile Safari/537.36 (compatible; PetalBot;+https://aspiegel.com/petalbot)",-,tuGGhBakEEC1NCHFlfewtNtYcJp8331mOohwH6pgPZji1EuHPKOc6Soth7PPqDg8b/iaVYnxJlE=,-,ECDHE-RSA-AES128-SHA,-,ez-living.s3-eu-west-1.amazonaws.com,TLSv1.2
2f0544e0e64958de8c656135fcdbad1af1b43808c0d0b974fc77f171694c558e,ez-living,[01/Jun/2020:09:08:22,+0000],46.229.168.152,-,CABC9830DF3BDB3F,REST.GET.OBJECT,Baly/BalyBed46.usdz,GET /Baly/BalyBed46.usdz HTTP/1.1,200,-,2765928,2765928,135,71,-,Mozilla/5.0 (compatible; SemrushBot/6~bl; +http://www.semrush.com/bot.html),-,k5w4/78ZZKWbfIbstpuKfp3qpkekBhUV02bjvLzlEE9y0/k/3x+XZa3LGpVk+mQC19yz5mRwQoU=,-,ECDHE-RSA-AES128-GCM-SHA256,-,ez-living.s3-eu-west-1.amazonaws.com,TLSv1.2
2f0544e0e64958de8c656135fcdbad1af1b43808c0d0b974fc77f171694c558e,ez-living,[01/Jun/2020:16:05:47,+0000],39.103.142.195,-,EE9491CE42440EC5,REST.HEAD.OBJECT,guanli/login.php,HEAD /guanli/login.php HTTP/1.1,403,AccessDenied,243,-,11,-,-,-,-,bMaFGw38SSWkuDp691HDNzYNsBeNQ/1GTAKIM6DspRuS0ANYQXtz2Ub6OARMLEjbEyL9g5SBzXw=,-,-,-,ez-living.s3-eu-west-1.amazonaws.com,-
2f0544e0e64958de8c656135fcdbad1af1b43808c0d0b974fc77f171694c558e,ez-living,[01/Jun/2020:22:27:24,+0000],31.13.127.117,-,4708F76EF3D9E704,REST.GET.OBJECT,Juno/EZLivingInteriors_-_JunoLeft.usdz,GET /ez-living/Juno/EZLivingInteriors_-_JunoLeft.usdz HTTP/1.1,206,-,524288,19290476,79,76,-,facebookexternalhit/1.1 (+http://www.facebook.com/externalhit_uatext.php),-,J1oM+zGMLQsP3z3enemHTOgiytvp2IIpPngmLL6SUDIsHZJO+b2DWfIG2yzao5frxKAGYbbND+M=,-,ECDHE-RSA-AES128-GCM-SHA256,-,s3-eu-west-1.amazonaws.com,TLSv1.2
2f0544e0e64958de8c656135fcdbad1af1b43808c0d0b974fc77f171694c558e,ez-living,[01/Jun/2020:11:31:05,+0000],31.13.127.9,-,F053A6BEFC524E92,REST.GET.OBJECT,Marlow/MarlowFabricDarkWood.usdz,GET /Marlow/MarlowFabricDarkWood.usdz HTTP/1.1,206,-,524288,4875338,85,79,-,facebookexternalhit/1.1 (+http://www.facebook.com/externalhit_uatext.php),-,YT4jb4pFyMFjE7bhSzFgpaYPl4CoJafPL7AmZBTKIGMP6OlaWDFUWAiQooBkvftTthJHlRy66oY=,-,ECDHE-RSA-AES128-GCM-SHA256,-,ez-living.s3-eu-west-1.amazonaws.com,TLSv1.2
2f0544e0e64958de8c656135fcdbad1af1b43808c0d0b974fc77f171694c558e,ez-living,[01/Jun/2020:05:42:47,+0000],52.191.190.62,-,81780CED89E9E222,REST.GET.OBJECT,.env,GET /.env HTTP/1.1,403,AccessDenied,243,-,28,-,-,-,-,+Bwgt+zOp46cPgizzyKkQb+D41HB1tJsJw96yo0mNMbiDcCrTKXxmI5sJXVdIz1liFqUpvaGQpI=,-,-,-,ez-living.s3-eu-west-1.amazonaws.com,-
2f0544e0e64958de8c656135fcdbad1af1b43808c0d0b974fc77f171694c558e,ez-living,[01/Jun/2020:10:50:31,+0000],54.175.118.73,-,02C7411C078BC1CE,REST.GET.BUCKET,-,GET /?max-keys=1 HTTP/1.1,301,PermanentRedirect,455,-,3,-,-,aws-sdk-dotnet-35/2.3.23.0 .NET Runtime/4.0 .NET Framework/4.0 OS/6.2.9200.0 ClientSync,-,MwWK8nbFdOMONY416aK7nnz7CBOuHO6zRWDdu+8i3c3fwZaP6nSPZjEg5Qy4PSWp8x4LX7bodK8=,-,ECDHE-RSA-AES128-SHA,-,ez-living.s3-us-west-1.amazonaws.com,TLSv1
2f0544e0e64958de8c656135fcdbad1af1b43808c0d0b974fc77f171694c558e,ez-living,[01/Jun/2020:22:12:14,+0000],109.77.184.160,-,88FA3F4421CC8218,REST.GET.OBJECT,Calia/EZLiving_-_CaliaSofaTable.usdz,GET /ez-living/Calia/EZLiving_-_CaliaSofaTable.usdz HTTP/1.1,200,-,1228412,1228412,69,67,https://www.ezliving-interiors.ie/,"Mozilla/5.0 (iPhone; CPU iPhone OS 13_3_1 like Mac OS X) AppleWebKit/605.1.15 (KHTML, like Gecko) Version/13.0.5 Mobile/15E148 Safari/604.1",-,VnsN7qsGyqKJn1l74HJpSd5krT6MCGfRH62+qQje7yXREBNFYMdOY0bLio1oiJSlZfBXqa/Ycr8=,-,ECDHE-RSA-AES128-GCM-SHA256,-,s3-eu-west-1.amazonaws.com,TLSv1.2
2f0544e0e64958de8c656135fcdbad1af1b43808c0d0b974fc77f171694c558e,noplacelike,[01/Jun/2020:09:44:13,+0000],69.160.160.54,-,AD85F8F2A88CEEF2,REST.GET.OBJECT,MV%2BTest/West%2BElm%2BThree%2BSeater.glb,GET /MV+Test/West+Elm+Three+Seater.glb HTTP/1.1,200,-,6988760,6988760,212,86,https://www.noplacelike.co/,"Mozilla/5.0 (X11; Linux x86_64) AppleWebKit/537.36 (KHTML, like Gecko) HeadlessChrome/80.0.3987.132 Safari/537.36",-,rIm67/KgvcSXesFFaZeLyVNvrEK/36CGUF2sTPpJWBcdIJrEmRjzCR9wij4rh8+FxArFMIahTyI=,-,ECDHE-RSA-AES128-GCM-SHA256,-,noplacelike.s3-eu-west-1.amazonaws.com,TLSv1.2
2f0544e0e64958de8c656135fcdbad1af1b43808c0d0b974fc77f171694c558e,ez-living,[01/Jun/2020:19:12:42,+0000],37.228.245.224,-,BAEEBBA17C4A37AF,REST.GET.OBJECT,Loire/LoireBookcase.usdz,GET /Loire/LoireBookcase.usdz HTTP/1.1,200,-,1946234,1946234,53,50,https://www.ezliving-interiors.ie/,"Mozilla/5.0 (iPhone; CPU iPhone OS 13_4_1 like Mac OS X) AppleWebKit/605.1.15 (KHTML, like Gecko) Version/13.1 Mobile/15E148 Safari/604.1",-,oehIl9IvDkTDG7L8s5sb8rfhLL2LZhpJnkm2fgUoLHESWwNqu29KQl50eurCyQVffKZYn95MvnY=,-,ECDHE-RSA-AES128-GCM-SHA256,-,ez-living.s3-eu-west-1.amazonaws.com,TLSv1.2
2f0544e0e64958de8c656135fcdbad1af1b43808c0d0b974fc77f171694c558e,ez-living,[01/Jun/2020:00:01:18,+0000],31.13.127.116,-,DEE1E463E96C1C90,REST.GET.OBJECT,Juno/EZLivingInteriors_-_JunoRight.usdz,GET /ez-living/Juno/EZLivingInteriors_-_JunoRight.usdz HTTP/1.1,206,-,524288,19286125,93,89,-,facebookexternalhit/1.1 (+http://www.facebook.com/externalhit_uatext.php),-,yltXIv3j6JW3y6MfxINEPyu9yNpRR/vLORJN4SHo8KguddFR58Q9Fn6rOREdwwZwl/F+VZUEEn0=,-,ECDHE-RSA-AES128-GCM-SHA256,-,s3-eu-west-1.amazonaws.com,TLSv1.2
2f0544e0e64958de8c656135fcdbad1af1b43808c0d0b974fc77f171694c558e,ez-living,[01/Jun/2020:12:09:01,+0000],213.233.147.149,-,DF9D3A53F26DFBDF,REST.GET.OBJECT,Scott/EZLivingInteriors_-_Scott2SeaterGreen.usdz,GET /ez-living/Scott/EZLivingInteriors_-_Scott2SeaterGreen.usdz HTTP/1.1,200,-,6299704,6299704,95,57,https://www.ezliving-interiors.ie/,"Mozilla/5.0 (iPhone; CPU iPhone OS 13_4_1 like Mac OS X) AppleWebKit/605.1.15 (KHTML, like Gecko) Version/13.1 Mobile/15E148 Safari/604.1",-,AvO+i7BBN2CifQ4ls+rUf9XKx4/pvLdhXBRT1Gr8u5Hq3Fs43h7sHEruJwhovXr9gffoM8nlygA=,-,ECDHE-RSA-AES128-GCM-SHA256,-,s3-eu-west-1.amazonaws.com,TLSv1.2
2f0544e0e64958de8c656135fcdbad1af1b43808c0d0b974fc77f171694c558e,ez-living,[01/Jun/2020:16:05:47,+0000],39.103.142.195,-,F6B8CF3D5F52E077,REST.HEAD.OBJECT,dede/login.php,HEAD /dede/login.php HTTP/1.1,403,AccessDenied,243,-,11,-,-,-,-,i7fFZbXJi6aMULLEuBfwRXgaabTQBNaf7Lt1mdgVC6APiI7GXQNYj7QPMQF7Yto6YlUAuEiuoMM=,-,-,-,ez-living.s3-eu-west-1.amazonaws.com,-
2f0544e0e64958de8c656135fcdbad1af1b43808c0d0b974fc77f171694c558e,ez-living,[01/Jun/2020:21:37:25,+0000],31.13.103.19,-,6A434A1CB737643C,REST.GET.OBJECT,Marlow/MarlowVelvetGreen.usdz,GET /Marlow/MarlowVelvetGreen.usdz HTTP/1.1,206,-,524288,3065265,75,70,-,facebookexternalhit/1.1 (+http://www.facebook.com/externalhit_uatext.php),-,zpDeRUYGmbBs6yFfpILOTbhYRzfcESIkwhtmFtuCuDFrf7lbLupl8z5XvjeXctdIwAk+e38QM54=,-,ECDHE-RSA-AES128-GCM-SHA256,-,ez-living.s3-eu-west-1.amazonaws.com,TLSv1.2
2f0544e0e64958de8c656135fcdbad1af1b43808c0d0b974fc77f171694c558e,ez-living,[01/Jun/2020:09:08:22,+0000],46.229.168.149,-,CA83356597122B12,REST.GET.OBJECT,robots.txt,GET /robots.txt HTTP/1.1,403,AccessDenied,243,-,12,-,-,Mozilla/5.0 (compatible; SemrushBot/6~bl; +http://www.semrush.com/bot.html),-,ZaR8Iuf0YbBd+vJE9wNMB0tWVK8wTTrjn1/GBDzxdmT6RVhn9NSUfsbAdrWCycjei6DqU8Hf+gg=,-,ECDHE-RSA-AES128-GCM-SHA256,-,ez-living.s3-eu-west-1.amazonaws.com,TLSv1.2
2f0544e0e64958de8c656135fcdbad1af1b43808c0d0b974fc77f171694c558e,ez-living,[01/Jun/2020:10:29:33,+0000],54.164.181.5,-,E7101A3C487856CA,REST.GET.BUCKET,-,GET /?max-keys=1 HTTP/1.1,301,PermanentRedirect,455,-,2,-,-,aws-sdk-dotnet-35/2.3.23.0 .NET Runtime/4.0 .NET Framework/4.0 OS/6.2.9200.0 ClientSync,-,7JHY7y0NcMUiddj7L+OqqnRjNn2qs+8c9juUWiZvqZXy9507roJTSrQvPwAQtjeVgII5euDwj7Y=,-,ECDHE-RSA-AES128-SHA,-,ez-living.s3-us-west-2.amazonaws.com,TLSv1
2f0544e0e64958de8c656135fcdbad1af1b43808c0d0b974fc77f171694c558e,ez-living,[01/Jun/2020:01:15:13,+0000],31.13.115.15,-,7C985872F857BD23,REST.GET.OBJECT,Waldorf/EZLivingInteriors-Waldorf3Seater.usdz,GET /ez-living/Waldorf/EZLivingInteriors-Waldorf3Seater.usdz HTTP/1.1,206,-,524288,7342582,109,106,-,facebookexternalhit/1.1 (+http://www.facebook.com/externalhit_uatext.php),-,1f76WEG629knRcyj3MyMHfPdXlqJbbLHYw5X22n5smJjlZp592vGECVdzeTArgRbigN7Nvysbu4=,-,ECDHE-RSA-AES128-GCM-SHA256,-,s3-eu-west-1.amazonaws.com,TLSv1.2
2f0544e0e64958de8c656135fcdbad1af1b43808c0d0b974fc77f171694c558e,ez-living,[01/Jun/2020:11:31:07,+0000],31.13.127.21,-,2917AF0F4875484A,REST.GET.OBJECT,Marlow/MarlowVelvetGreen.usdz,GET /Marlow/MarlowVelvetGreen.usdz HTTP/1.1,200,-,3065265,3065265,87,59,-,facebookexternalhit/1.1 (+http://www.facebook.com/externalhit_uatext.php),-,uU1S5yrW1cqE0cZcH7dgfJmSIR7AkpfQz4L5NIcAr1MajZ+1XUfKFqahv/K7rVwtudICihmoPhk=,-,ECDHE-RSA-AES128-GCM-SHA256,-,ez-living.s3-eu-west-1.amazonaws.com,TLSv1.2
2f0544e0e64958de8c656135fcdbad1af1b43808c0d0b974fc77f171694c558e,ez-living,[01/Jun/2020:22:27:24,+0000],31.13.127.3,-,490B2239F8AFFEA1,REST.GET.OBJECT,Juno/EZLivingInteriors_-_JunoRight.usdz,GET /ez-living/Juno/EZLivingInteriors_-_JunoRight.usdz HTTP/1.1,206,-,524288,19286125,103,99,-,facebookexternalhit/1.1 (+http://www.facebook.com/externalhit_uatext.php),-,ni2Kfhx+BGWPEMgpDSJjiwX/Aoy7AntM+ZFv3UQ6XlnVBaARyWiZhf4xRR/IKdrepM5QH3X8m1s=,-,ECDHE-RSA-AES128-GCM-SHA256,-,s3-eu-west-1.amazonaws.com,TLSv1.2
2f0544e0e64958de8c656135fcdbad1af1b43808c0d0b974fc77f171694c558e,ez-living,[01/Jun/2020:02:01:13,+0000],31.13.127.10,-,FD9B3B5D92184613,REST.GET.OBJECT,Scott/EZLivingInteriors-Scott3Leather.usdz,GET /ez-living/Scott/EZLivingInteriors-Scott3Leather.usdz HTTP/1.1,206,-,524288,7684059,61,58,-,facebookexternalhit/1.1 (+http://www.facebook.com/externalhit_uatext.php),-,e4AW1h2s5NiX78e376J8/KsCDvyAvdJhulGn3YYTbd9wm19NIM5Wd8raDwm51yCD6hhMdtRRV50=,-,ECDHE-RSA-AES128-GCM-SHA256,-,s3-eu-west-1.amazonaws.com,TLSv1.2
2f0544e0e64958de8c656135fcdbad1af1b43808c0d0b974fc77f171694c558e,ez-living,[01/Jun/2020:16:05:47,+0000],39.103.142.195,-,B887863E91886C94,REST.HEAD.OBJECT,admindede/login.php,HEAD /admindede/login.php HTTP/1.1,403,AccessDenied,243,-,13,-,-,-,-,++6SzIY2tKozLjsyvQG2HUHBjqZ5g+IfaraYTL5vmdR4voU+SEQAJcojqhOZifQVD6Ksg00rIfY=,-,-,-,ez-living.s3-eu-west-1.amazonaws.com,-
2f0544e0e64958de8c656135fcdbad1af1b43808c0d0b974fc77f171694c558e,ez-living,[01/Jun/2020:14:17:49,+0000],39.103.142.195,-,2A7FAAB242022A03,REST.GET.OBJECT,xxsssseee,GET /xxsssseee HTTP/1.1,403,AccessDenied,243,-,17,-,-,Mozilla/5.0 (Windows NT 10.0; WOW64; rv:48.0) Gecko/20100101 Firefox/48.0,-,Jb0mdOd6EBPe1urRk1R+Zqs4wLlFlXLmUL/M8w0fbswkvfz/2YnsooDydZXjHv7FFKelx2/FsCQ=,-,-,-,ez-living.s3-eu-west-1.amazonaws.com,-
2f0544e0e64958de8c656135fcdbad1af1b43808c0d0b974fc77f171694c558e,ez-living,[01/Jun/2020:14:32:09,+0000],31.13.103.2,-,C0DE0B314FCA09FD,REST.GET.OBJECT,Scott/EZLivingInteriors-Scott3Leather.usdz,GET /ez-living/Scott/EZLivingInteriors-Scott3Leather.usdz HTTP/1.1,206,-,524288,7684059,91,88,-,facebookexternalhit/1.1 (+http://www.facebook.com/externalhit_uatext.php),-,plgyGg0Z1BQWPBjLthq+LFsb7cxH7ZcN4p82FSupHnjEuQzAfqKYpt6YhgC6IAlcx0VOmMWC4xI=,-,ECDHE-RSA-AES128-GCM-SHA256,-,s3-eu-west-1.amazonaws.com,TLSv1.2
2f0544e0e64958de8c656135fcdbad1af1b43808c0d0b974fc77f171694c558e,ez-living,[01/Jun/2020:19:50:19,+0000],81.105.8.24,-,F7DD3E02749AA530,REST.GET.OBJECT,Farrow/Farrow3Seater.usdz,GET /Farrow/Farrow3Seater.usdz HTTP/1.1,200,-,3352283,3352283,188,109,https://www.ezlivinginteriors.co.uk/,"Mozilla/5.0 (iPhone; CPU iPhone OS 13_4_1 like Mac OS X) AppleWebKit/605.1.15 (KHTML, like Gecko) Version/13.1 Mobile/15E148 Safari/604.1",-,kOU/lgr/Mta9mySssgJUnUCYguJEpnyrhGbsfASxJpBbSVtbvsj5w1jc+9vKcRR7fHexwfFxkd4=,-,ECDHE-RSA-AES128-GCM-SHA256,-,ez-living.s3-eu-west-1.amazonaws.com,TLSv1.2
2f0544e0e64958de8c656135fcdbad1af1b43808c0d0b974fc77f171694c558e,ez-living,[01/Jun/2020:08:35:36,+0000],37.228.244.101,-,0483A0B196900985,REST.GET.OBJECT,Kendal/EZLivingInteriors_-_Kendal2SeaterBlue.usdz,GET /ez-living/Kendal/EZLivingInteriors_-_Kendal2SeaterBlue.usdz HTTP/1.1,200,-,6270688,6270688,113,59,https://www.ezliving-interiors.ie/,"Mozilla/5.0 (iPhone; CPU iPhone OS 13_4_1 like Mac OS X) AppleWebKit/605.1.15 (KHTML, like Gecko) Version/13.1 Mobile/15E148 Safari/604.1",-,vonsPRrBk/llWRQsziwrDbkg95UOLOzOyjyxcSIy06DDxZFzKN6DJ65/Wpt2yf/Yc6koaG27VLM=,-,ECDHE-RSA-AES128-GCM-SHA256,-,s3-eu-west-1.amazonaws.com,TLSv1.2
2f0544e0e64958de8c656135fcdbad1af1b43808c0d0b974fc77f171694c558e,ez-living,[01/Jun/2020:04:00:44,+0000],46.229.168.143,-,689A71B69B009AEA,REST.GET.OBJECT,robots.txt,GET /robots.txt HTTP/1.1,403,AccessDenied,243,-,9,-,-,Mozilla/5.0 (compatible; SemrushBot/6~bl; +http://www.semrush.com/bot.html),-,QrWdOBGBtV4Z34cbHY18BF0jO3M2LuCkRATA/7e0idPntzPah2zAP6Y14QF5vWQNw5z+/ZBCZes=,-,ECDHE-RSA-AES128-GCM-SHA256,-,ez-living.s3-eu-west-1.amazonaws.com,TLSv1.2
2f0544e0e64958de8c656135fcdbad1af1b43808c0d0b974fc77f171694c558e,ez-living,[01/Jun/2020:08:51:09,+0000],80.233.43.245,-,09240AFBA67D28F7,REST.GET.OBJECT,Sandy/SandyGrey.usdz,GET /Sandy/SandyGrey.usdz HTTP/1.1,200,-,1609956,1609956,67,64,https://www.ezliving-interiors.ie/,"Mozilla/5.0 (iPhone; CPU iPhone OS 13_3_1 like Mac OS X) AppleWebKit/605.1.15 (KHTML, like Gecko) Version/13.0.5 Mobile/15E148 Safari/604.1",-,ozb2KFVzxgzqlUaevcvwoTjQm1TY81gOgEmoionDBRkaSHjffRTsMTb356hUmahW+Hb0sQT2H10=,-,ECDHE-RSA-AES128-GCM-SHA256,-,ez-living.s3-eu-west-1.amazonaws.com,TLSv1.2
2f0544e0e64958de8c656135fcdbad1af1b43808c0d0b974fc77f171694c558e,ez-living,[01/Jun/2020:22:34:21,+0000],109.76.55.40,-,B3D5EC4A0759A278,REST.GET.OBJECT,Juno/EZLivingInteriors_-_JunoRight.usdz,GET /ez-living/Juno/EZLivingInteriors_-_JunoRight.usdz HTTP/1.1,200,-,19286125,19286125,5508,80,https://www.ezliving-interiors.ie/,"Mozilla/5.0 (iPhone; CPU iPhone OS 12_4_3 like Mac OS X) AppleWebKit/605.1.15 (KHTML, like Gecko) Version/12.1.2 Mobile/15E148 Safari/604.1",-,E23vXJ2AqIW/7OASu55/GaasJpkvD9VJAqSQipZSz+Ai+Stn27k5DSzKdz5kwqWcyx5hkysL4II=,-,ECDHE-RSA-AES128-GCM-SHA256,-,s3-eu-west-1.amazonaws.com,TLSv1.2
